Chr,Start,End,Value
1,1,1000000,0.0
1,1000001,2000000,0.0
1,2000001,3000000,3.807354922057604
1,3000001,4000000,6.3750394313469245
1,4000001,5000000,0.0
1,5000001,6000000,0.0
1,6000001,7000000,6.6865005271832185
1,7000001,8000000,6.845490050944375
1,8000001,9000000,0.0
1,9000001,10000000,4.643856189774724
1,10000001,11000000,0.0
1,11000001,12000000,0.0
1,12000001,13000000,7.599912842187128
1,13000001,14000000,0.0
1,14000001,15000000,7.539158811108031
1,15000001,16000000,0.0
1,16000001,17000000,3.0
1,17000001,18000000,4.700439718141092
1,18000001,19000000,10.370687406807217
1,19000001,20000000,4.087462841250339
1,20000001,21000000,10.91513244895065
1,21000001,22000000,5.614709844115208
1,22000001,23000000,6.768184324776926
1,23000001,24000000,7.169925001442312
1,24000001,25000000,8.939579214314692
1,25000001,26000000,5.044394119358453
1,26000001,27000000,3.9068905956085187
1,27000001,28000000,0.0
1,28000001,29000000,0.0
1,29000001,30000000,0.0
1,30000001,31000000,6.266786540694901
1,31000001,32000000,0.0
1,32000001,33000000,11.597121428789569
1,33000001,34000000,2.584962500721156
1,34000001,35000000,0.0
1,35000001,36000000,0.0
1,36000001,37000000,8.971543553950772
1,37000001,38000000,0.0
1,38000001,39000000,0.0
1,39000001,40000000,0.0
1,40000001,41000000,0.0
1,41000001,42000000,10.044394119358454
1,42000001,43000000,3.4594316186372973
1,43000001,44000000,11.348728154231077
1,44000001,45000000,7.7481928495894605
1,45000001,46000000,0.0
1,46000001,47000000,5.930737337562887
1,47000001,48000000,0.0
1,48000001,49000000,0.0
1,49000001,50000000,0.0
1,50000001,51000000,0.0
1,51000001,52000000,0.0
1,52000001,53000000,0.0
1,53000001,54000000,0.0
1,54000001,55000000,0.0
1,55000001,56000000,0.0
1,56000001,57000000,0.0
1,57000001,58000000,0.0
1,58000001,59000000,6.266786540694901
1,59000001,60000000,0.0
1,60000001,61000000,0.0
1,61000001,62000000,0.0
1,62000001,63000000,0.0
1,63000001,64000000,0.0
1,64000001,65000000,11.71037597120447
1,65000001,66000000,0.0
1,66000001,67000000,0.0
1,67000001,68000000,0.0
1,68000001,69000000,0.0
1,69000001,70000000,0.0
1,70000001,71000000,0.0
1,71000001,72000000,0.0
1,72000001,73000000,0.0
1,73000001,74000000,0.0
1,74000001,75000000,0.0
1,75000001,76000000,0.0
1,76000001,77000000,0.0
1,77000001,78000000,4.087462841250339
1,78000001,79000000,0.0
1,79000001,80000000,0.0
1,80000001,81000000,0.0
1,81000001,82000000,0.0
1,82000001,83000000,0.0
1,83000001,84000000,0.0
1,84000001,85000000,0.0
1,85000001,86000000,0.0
1,86000001,87000000,4.700439718141092
1,87000001,88000000,4.523561956057013
1,88000001,89000000,0.0
1,89000001,90000000,0.0
1,90000001,91000000,0.0
1,91000001,92000000,6.149747119504682
1,92000001,93000000,5.087462841250339
1,93000001,94000000,6.108524456778169
1,94000001,95000000,16.32273797460404
1,95000001,96000000,0.0
1,96000001,97000000,9.784634845557521
1,97000001,98000000,0.0
1,98000001,99000000,0.0
1,99000001,100000000,3.169925001442312
1,100000001,101000000,0.0
1,101000001,102000000,0.0
1,102000001,103000000,0.0
1,103000001,104000000,0.0
1,104000001,105000000,0.0
1,105000001,106000000,0.0
1,106000001,107000000,0.0
1,107000001,108000000,0.0
1,108000001,109000000,0.0
1,109000001,110000000,0.0
1,110000001,111000000,0.0
1,111000001,112000000,0.0
1,112000001,113000000,9.0
1,113000001,114000000,4.392317422778761
1,114000001,115000000,1.584962500721156
1,115000001,116000000,0.0
1,116000001,117000000,3.169925001442312
1,117000001,118000000,0.0
1,118000001,119000000,0.0
1,119000001,120000000,0.0
1,120000001,121000000,0.0
1,121000001,122000000,0.0
1,122000001,123000000,0.0
1,123000001,124000000,0.0
1,124000001,125000000,0.0
1,125000001,126000000,0.0
1,126000001,127000000,0.0
1,127000001,128000000,0.0
1,128000001,129000000,0.0
1,129000001,130000000,0.0
1,130000001,131000000,0.0
1,131000001,132000000,0.0
1,132000001,133000000,0.0
1,133000001,134000000,0.0
1,134000001,135000000,0.0
1,135000001,136000000,0.0
1,136000001,137000000,0.0
1,137000001,138000000,0.0
1,138000001,139000000,0.0
1,139000001,140000000,0.0
1,140000001,141000000,0.0
1,141000001,142000000,0.0
1,142000001,143000000,0.0
1,143000001,144000000,0.0
1,144000001,145000000,0.0
1,145000001,146000000,9.7632123668144
1,146000001,147000000,0.0
1,147000001,148000000,10.233619676759702
1,148000001,149000000,0.0
1,149000001,150000000,0.0
1,150000001,151000000,7.954196310386875
1,151000001,152000000,12.626393504173995
1,152000001,153000000,9.149747119504681
1,153000001,154000000,0.0
1,154000001,155000000,3.169925001442312
1,155000001,156000000,7.20945336562895
1,156000001,157000000,5.357552004618084
1,157000001,158000000,0.0
1,158000001,159000000,0.0
1,159000001,160000000,8.426264754702098
1,160000001,161000000,0.0
1,161000001,162000000,3.700439718141092
1,162000001,163000000,0.0
1,163000001,164000000,0.0
1,164000001,165000000,0.0
1,165000001,166000000,0.0
1,166000001,167000000,7.189824558880018
1,167000001,168000000,0.0
1,168000001,169000000,0.0
1,169000001,170000000,0.0
1,170000001,171000000,0.0
1,171000001,172000000,3.0
1,172000001,173000000,0.0
1,173000001,174000000,0.0
1,174000001,175000000,0.0
1,175000001,176000000,9.453270634010623
1,176000001,177000000,8.744833837499545
1,177000001,178000000,0.0
1,178000001,179000000,9.894817763307943
1,179000001,180000000,11.076815597050832
1,180000001,181000000,0.0
1,181000001,182000000,5.554588851677638
1,182000001,183000000,0.0
1,183000001,184000000,0.0
1,184000001,185000000,5.357552004618084
1,185000001,186000000,0.0
1,186000001,187000000,0.0
1,187000001,188000000,3.169925001442312
1,188000001,189000000,0.0
1,189000001,190000000,4.087462841250339
1,190000001,191000000,0.0
1,191000001,192000000,0.0
1,192000001,193000000,0.0
1,193000001,194000000,5.700439718141092
1,194000001,195000000,0.0
1,195000001,196000000,0.0
1,196000001,197000000,0.0
1,197000001,198000000,8.348728154231077
1,198000001,199000000,0.0
1,199000001,200000000,0.0
1,200000001,201000000,5.0
1,201000001,202000000,3.4594316186372973
1,202000001,203000000,9.192292814470767
1,203000001,204000000,0.0
1,204000001,205000000,0.0
1,205000001,206000000,0.0
1,206000001,207000000,0.0
1,207000001,208000000,0.0
1,208000001,209000000,0.0
1,209000001,210000000,0.0
1,210000001,211000000,0.0
1,211000001,212000000,0.0
1,212000001,213000000,2.584962500721156
1,213000001,214000000,0.0
1,214000001,215000000,0.0
1,215000001,216000000,0.0
1,216000001,217000000,0.0
1,217000001,218000000,0.0
1,218000001,219000000,0.0
1,219000001,220000000,5.700439718141092
1,220000001,221000000,1.584962500721156
1,221000001,222000000,0.0
1,222000001,223000000,0.0
1,223000001,224000000,4.0
1,224000001,225000000,0.0
1,225000001,226000000,0.0
1,226000001,227000000,8.60733031374961
1,227000001,228000000,13.078817949961978
1,228000001,229000000,0.0
1,229000001,230000000,0.0
1,230000001,231000000,0.0
1,231000001,232000000,0.0
1,232000001,233000000,0.0
1,233000001,234000000,0.0
1,234000001,235000000,9.002815015607053
1,235000001,236000000,0.0
1,236000001,237000000,6.087462841250339
1,237000001,238000000,0.0
1,238000001,239000000,0.0
1,239000001,240000000,0.0
1,240000001,241000000,0.0
1,241000001,242000000,0.0
1,242000001,243000000,0.0
1,243000001,244000000,0.0
1,244000001,245000000,0.0
1,245000001,246000000,0.0
1,246000001,247000000,8.194756854422248
10,1,1000000,0.0
10,1000001,2000000,11.452241240430817
10,2000001,3000000,0.0
10,3000001,4000000,6.426264754702098
10,4000001,5000000,0.0
10,5000001,6000000,0.0
10,6000001,7000000,0.0
10,7000001,8000000,0.0
10,8000001,9000000,0.0
10,9000001,10000000,0.0
10,10000001,11000000,0.0
10,11000001,12000000,6.066089190457772
10,12000001,13000000,3.807354922057604
10,13000001,14000000,4.247927513443585
10,14000001,15000000,0.0
10,15000001,16000000,0.0
10,16000001,17000000,0.0
10,17000001,18000000,6.614709844115208
10,18000001,19000000,0.0
10,19000001,20000000,0.0
10,20000001,21000000,0.0
10,21000001,22000000,0.0
10,22000001,23000000,5.882643049361842
10,23000001,24000000,10.349834091457247
10,24000001,25000000,0.0
10,25000001,26000000,0.0
10,26000001,27000000,3.321928094887362
10,27000001,28000000,0.0
10,28000001,29000000,1.584962500721156
10,29000001,30000000,0.0
10,30000001,31000000,0.0
10,31000001,32000000,0.0
10,32000001,33000000,0.0
10,33000001,34000000,5.857980995127572
10,34000001,35000000,0.0
10,35000001,36000000,0.0
10,36000001,37000000,0.0
10,37000001,38000000,0.0
10,38000001,39000000,0.0
10,39000001,40000000,0.0
10,40000001,41000000,0.0
10,41000001,42000000,0.0
10,42000001,43000000,7.409390936137702
10,43000001,44000000,2.321928094887362
10,44000001,45000000,0.0
10,45000001,46000000,0.0
10,46000001,47000000,0.0
10,47000001,48000000,4.392317422778761
10,48000001,49000000,5.523561956057013
10,49000001,50000000,13.88140078827952
10,50000001,51000000,3.700439718141092
10,51000001,52000000,0.0
10,52000001,53000000,0.0
10,53000001,54000000,0.0
10,54000001,55000000,0.0
10,55000001,56000000,5.044394119358453
10,56000001,57000000,5.832890014164741
10,57000001,58000000,0.0
10,58000001,59000000,0.0
10,59000001,60000000,0.0
10,60000001,61000000,8.888743248898258
10,61000001,62000000,0.0
10,62000001,63000000,3.807354922057604
10,63000001,64000000,0.0
10,64000001,65000000,0.0
10,65000001,66000000,0.0
10,66000001,67000000,7.658211482751795
10,67000001,68000000,0.0
10,68000001,69000000,3.807354922057604
10,69000001,70000000,0.0
10,70000001,71000000,10.118941072723507
10,71000001,72000000,0.0
10,72000001,73000000,0.0
10,73000001,74000000,0.0
10,74000001,75000000,0.0
10,75000001,76000000,0.0
10,76000001,77000000,0.0
10,77000001,78000000,7.864186144654281
10,78000001,79000000,6.614709844115208
10,79000001,80000000,10.65284497300198
10,80000001,81000000,0.0
10,81000001,82000000,0.0
10,82000001,83000000,0.0
10,83000001,84000000,7.599912842187128
10,84000001,85000000,0.0
10,85000001,86000000,6.247927513443585
10,86000001,87000000,4.754887502163468
10,87000001,88000000,3.807354922057604
10,88000001,89000000,14.789431756129547
10,89000001,90000000,0.0
10,90000001,91000000,4.392317422778761
10,91000001,92000000,3.169925001442312
10,92000001,93000000,5.807354922057604
10,93000001,94000000,0.0
10,94000001,95000000,0.0
10,95000001,96000000,0.0
10,96000001,97000000,7.199672344836364
10,97000001,98000000,0.0
10,98000001,99000000,6.714245517666122
10,99000001,100000000,0.0
10,100000001,101000000,0.0
10,101000001,102000000,6.832890014164741
10,102000001,103000000,3.807354922057604
10,103000001,104000000,3.584962500721156
10,104000001,105000000,2.321928094887362
10,105000001,106000000,0.0
10,106000001,107000000,7.400879436282184
10,107000001,108000000,0.0
10,108000001,109000000,0.0
10,109000001,110000000,2.321928094887362
10,110000001,111000000,5.930737337562887
10,111000001,112000000,0.0
10,112000001,113000000,0.0
10,113000001,114000000,0.0
10,114000001,115000000,0.0
10,115000001,116000000,0.0
10,116000001,117000000,0.0
10,117000001,118000000,2.584962500721156
10,118000001,119000000,0.0
10,119000001,120000000,2.807354922057604
10,120000001,121000000,3.4594316186372973
10,121000001,122000000,0.0
10,122000001,123000000,0.0
10,123000001,124000000,3.4594316186372973
10,124000001,125000000,5.491853096329675
10,125000001,126000000,3.169925001442312
10,126000001,127000000,7.2761244052742375
10,127000001,128000000,6.794415866350106
10,128000001,129000000,4.584962500721156
10,129000001,130000000,11.363039630256514
10,130000001,131000000,6.3750394313469245
10,131000001,132000000,4.087462841250339
10,132000001,133000000,5.392317422778761
10,133000001,134000000,3.584962500721156
11,1,1000000,13.443202577297011
11,1000001,2000000,5.459431618637297
11,2000001,3000000,7.483815777264256
11,3000001,4000000,5.727920454563199
11,4000001,5000000,0.0
11,5000001,6000000,0.0
11,6000001,7000000,0.0
11,7000001,8000000,0.0
11,8000001,9000000,8.060695931687555
11,9000001,10000000,0.0
11,10000001,11000000,7.011227255423254
11,11000001,12000000,0.0
11,12000001,13000000,0.0
11,13000001,14000000,0.0
11,14000001,15000000,8.308339030139408
11,15000001,16000000,10.099347810403193
11,16000001,17000000,0.0
11,17000001,18000000,4.584962500721156
11,18000001,19000000,0.0
11,19000001,20000000,0.0
11,20000001,21000000,0.0
11,21000001,22000000,0.0
11,22000001,23000000,0.0
11,23000001,24000000,0.0
11,24000001,25000000,0.0
11,25000001,26000000,0.0
11,26000001,27000000,0.0
11,27000001,28000000,4.954196310386875
11,28000001,29000000,0.0
11,29000001,30000000,0.0
11,30000001,31000000,0.0
11,31000001,32000000,0.0
11,32000001,33000000,0.0
11,33000001,34000000,0.0
11,34000001,35000000,5.491853096329675
11,35000001,36000000,0.0
11,36000001,37000000,6.569855608330948
11,37000001,38000000,2.807354922057604
11,38000001,39000000,0.0
11,39000001,40000000,0.0
11,40000001,41000000,2.321928094887362
11,41000001,42000000,0.0
11,42000001,43000000,0.0
11,43000001,44000000,0.0
11,44000001,45000000,5.906890595608519
11,45000001,46000000,2.0
11,46000001,47000000,9.80896417491926
11,47000001,48000000,5.807354922057604
11,48000001,49000000,0.0
11,49000001,50000000,0.0
11,50000001,51000000,0.0
11,51000001,52000000,0.0
11,52000001,53000000,0.0
11,53000001,54000000,0.0
11,54000001,55000000,0.0
11,55000001,56000000,0.0
11,56000001,57000000,8.066089190457772
11,57000001,58000000,5.930737337562887
11,58000001,59000000,0.0
11,59000001,60000000,0.0
11,60000001,61000000,9.80896417491926
11,61000001,62000000,6.044394119358453
11,62000001,63000000,2.584962500721156
11,63000001,64000000,6.475733430966398
11,64000001,65000000,9.250298417906333
11,65000001,66000000,7.011227255423254
11,66000001,67000000,0.0
11,67000001,68000000,9.31741261376487
11,68000001,69000000,0.0
11,69000001,70000000,0.0
11,70000001,71000000,0.0
11,71000001,72000000,8.531381460516313
11,72000001,73000000,0.0
11,73000001,74000000,0.0
11,74000001,75000000,0.0
11,75000001,76000000,4.459431618637297
11,76000001,77000000,6.539158811108031
11,77000001,78000000,7.169925001442312
11,78000001,79000000,4.169925001442312
11,79000001,80000000,0.0
11,80000001,81000000,0.0
11,81000001,82000000,0.0
11,82000001,83000000,0.0
11,83000001,84000000,0.0
11,84000001,85000000,0.0
11,85000001,86000000,0.0
11,86000001,87000000,0.0
11,87000001,88000000,5.930737337562887
11,88000001,89000000,0.0
11,89000001,90000000,0.0
11,90000001,91000000,0.0
11,91000001,92000000,7.219168520462161
11,92000001,93000000,0.0
11,93000001,94000000,9.507794640198696
11,94000001,95000000,0.0
11,95000001,96000000,0.0
11,96000001,97000000,5.285402218862249
11,97000001,98000000,0.0
11,98000001,99000000,0.0
11,99000001,100000000,0.0
11,100000001,101000000,0.0
11,101000001,102000000,0.0
11,102000001,103000000,0.0
11,103000001,104000000,0.0
11,104000001,105000000,0.0
11,105000001,106000000,0.0
11,106000001,107000000,0.0
11,107000001,108000000,0.0
11,108000001,109000000,0.0
11,109000001,110000000,0.0
11,110000001,111000000,0.0
11,111000001,112000000,0.0
11,112000001,113000000,6.0
11,113000001,114000000,0.0
11,114000001,115000000,0.0
11,115000001,116000000,0.0
11,116000001,117000000,0.0
11,117000001,118000000,3.9068905956085187
11,118000001,119000000,3.0
11,119000001,120000000,0.0
11,120000001,121000000,0.0
11,121000001,122000000,0.0
11,122000001,123000000,7.189824558880018
11,123000001,124000000,0.0
11,124000001,125000000,0.0
11,125000001,126000000,0.0
11,126000001,127000000,7.159871336778389
11,127000001,128000000,0.0
11,128000001,129000000,6.78135971352466
11,129000001,130000000,6.044394119358453
11,130000001,131000000,0.0
11,131000001,132000000,0.0
11,132000001,133000000,0.0
11,133000001,134000000,4.321928094887363
11,134000001,135000000,5.0
12,1,1000000,0.0
12,1000001,2000000,0.0
12,2000001,3000000,0.0
12,3000001,4000000,5.882643049361842
12,4000001,5000000,0.0
12,5000001,6000000,2.584962500721156
12,6000001,7000000,18.04110832606746
12,7000001,8000000,0.0
12,8000001,9000000,2.584962500721156
12,9000001,10000000,0.0
12,10000001,11000000,0.0
12,11000001,12000000,0.0
12,12000001,13000000,5.700439718141092
12,13000001,14000000,3.700439718141092
12,14000001,15000000,0.0
12,15000001,16000000,0.0
12,16000001,17000000,0.0
12,17000001,18000000,0.0
12,18000001,19000000,0.0
12,19000001,20000000,0.0
12,20000001,21000000,0.0
12,21000001,22000000,0.0
12,22000001,23000000,0.0
12,23000001,24000000,0.0
12,24000001,25000000,0.0
12,25000001,26000000,0.0
12,26000001,27000000,0.0
12,27000001,28000000,0.0
12,28000001,29000000,0.0
12,29000001,30000000,2.807354922057604
12,30000001,31000000,3.700439718141092
12,31000001,32000000,0.0
12,32000001,33000000,5.832890014164741
12,33000001,34000000,0.0
12,34000001,35000000,0.0
12,35000001,36000000,0.0
12,36000001,37000000,0.0
12,37000001,38000000,0.0
12,38000001,39000000,0.0
12,39000001,40000000,6.22881869049588
12,40000001,41000000,0.0
12,41000001,42000000,0.0
12,42000001,43000000,0.0
12,43000001,44000000,0.0
12,44000001,45000000,0.0
12,45000001,46000000,0.0
12,46000001,47000000,9.324180546618742
12,47000001,48000000,0.0
12,48000001,49000000,5.321928094887363
12,49000001,50000000,6.108524456778169
12,50000001,51000000,0.0
12,51000001,52000000,4.321928094887363
12,52000001,53000000,7.409390936137702
12,53000001,54000000,8.951284714966972
12,54000001,55000000,5.807354922057604
12,55000001,56000000,7.321928094887363
12,56000001,57000000,0.0
12,57000001,58000000,4.169925001442312
12,58000001,59000000,0.0
12,59000001,60000000,3.0
12,60000001,61000000,0.0
12,61000001,62000000,0.0
12,62000001,63000000,8.768184324776927
12,63000001,64000000,0.0
12,64000001,65000000,0.0
12,65000001,66000000,0.0
12,66000001,67000000,6.741466986401147
12,67000001,68000000,0.0
12,68000001,69000000,0.0
12,69000001,70000000,0.0
12,70000001,71000000,0.0
12,71000001,72000000,6.409390936137702
12,72000001,73000000,4.807354922057604
12,73000001,74000000,0.0
12,74000001,75000000,0.0
12,75000001,76000000,0.0
12,76000001,77000000,10.100662339005199
12,77000001,78000000,0.0
12,78000001,79000000,0.0
12,79000001,80000000,5.554588851677638
12,80000001,81000000,8.233619676759702
12,81000001,82000000,0.0
12,82000001,83000000,0.0
12,83000001,84000000,0.0
12,84000001,85000000,0.0
12,85000001,86000000,0.0
12,86000001,87000000,0.0
12,87000001,88000000,0.0
12,88000001,89000000,0.0
12,89000001,90000000,0.0
12,90000001,91000000,0.0
12,91000001,92000000,0.0
12,92000001,93000000,0.0
12,93000001,94000000,3.321928094887362
12,94000001,95000000,8.312882955284355
12,95000001,96000000,4.523561956057013
12,96000001,97000000,0.0
12,97000001,98000000,5.0
12,98000001,99000000,0.0
12,99000001,100000000,0.0
12,100000001,101000000,0.0
12,101000001,102000000,0.0
12,102000001,103000000,0.0
12,103000001,104000000,0.0
12,104000001,105000000,7.721099188707185
12,105000001,106000000,1.584962500721156
12,106000001,107000000,0.0
12,107000001,108000000,7.658211482751795
12,108000001,109000000,5.247927513443585
12,109000001,110000000,7.03342300153745
12,110000001,111000000,0.0
12,111000001,112000000,4.857980995127572
12,112000001,113000000,15.60437948366534
12,113000001,114000000,3.321928094887362
12,114000001,115000000,2.807354922057604
12,115000001,116000000,3.169925001442312
12,116000001,117000000,0.0
12,117000001,118000000,0.0
12,118000001,119000000,3.9068905956085187
12,119000001,120000000,0.0
12,120000001,121000000,8.321928094887362
12,121000001,122000000,0.0
12,122000001,123000000,0.0
12,123000001,124000000,0.0
12,124000001,125000000,4.584962500721156
12,125000001,126000000,0.0
12,126000001,127000000,0.0
12,127000001,128000000,0.0
12,128000001,129000000,5.643856189774724
12,129000001,130000000,0.0
12,130000001,131000000,8.566054038171092
12,131000001,132000000,10.373952655370193
13,1,1000000,0.0
13,1000001,2000000,0.0
13,2000001,3000000,0.0
13,3000001,4000000,0.0
13,4000001,5000000,0.0
13,5000001,6000000,0.0
13,6000001,7000000,0.0
13,7000001,8000000,0.0
13,8000001,9000000,0.0
13,9000001,10000000,0.0
13,10000001,11000000,0.0
13,11000001,12000000,0.0
13,12000001,13000000,0.0
13,13000001,14000000,0.0
13,14000001,15000000,0.0
13,15000001,16000000,0.0
13,16000001,17000000,0.0
13,17000001,18000000,0.0
13,18000001,19000000,5.78135971352466
13,19000001,20000000,0.0
13,20000001,21000000,0.0
13,21000001,22000000,11.698704666770345
13,22000001,23000000,0.0
13,23000001,24000000,0.0
13,24000001,25000000,6.569855608330948
13,25000001,26000000,0.0
13,26000001,27000000,6.569855608330948
13,27000001,28000000,0.0
13,28000001,29000000,0.0
13,29000001,30000000,6.475733430966398
13,30000001,31000000,9.152284842306582
13,31000001,32000000,10.673309075561695
13,32000001,33000000,6.169925001442312
13,33000001,34000000,6.169925001442312
13,34000001,35000000,0.0
13,35000001,36000000,0.0
13,36000001,37000000,0.0
13,37000001,38000000,0.0
13,38000001,39000000,0.0
13,39000001,40000000,0.0
13,40000001,41000000,0.0
13,41000001,42000000,0.0
13,42000001,43000000,0.0
13,43000001,44000000,0.0
13,44000001,45000000,0.0
13,45000001,46000000,0.0
13,46000001,47000000,0.0
13,47000001,48000000,6.870364719583405
13,48000001,49000000,0.0
13,49000001,50000000,0.0
13,50000001,51000000,0.0
13,51000001,52000000,0.0
13,52000001,53000000,0.0
13,53000001,54000000,0.0
13,54000001,55000000,0.0
13,55000001,56000000,0.0
13,56000001,57000000,0.0
13,57000001,58000000,0.0
13,58000001,59000000,0.0
13,59000001,60000000,0.0
13,60000001,61000000,0.0
13,61000001,62000000,0.0
13,62000001,63000000,4.523561956057013
13,63000001,64000000,0.0
13,64000001,65000000,3.4594316186372973
13,65000001,66000000,0.0
13,66000001,67000000,0.0
13,67000001,68000000,0.0
13,68000001,69000000,0.0
13,69000001,70000000,0.0
13,70000001,71000000,0.0
13,71000001,72000000,0.0
13,72000001,73000000,0.0
13,73000001,74000000,0.0
13,74000001,75000000,0.0
13,75000001,76000000,0.0
13,76000001,77000000,0.0
13,77000001,78000000,0.0
13,78000001,79000000,0.0
13,79000001,80000000,0.0
13,80000001,81000000,6.6293566200796095
13,81000001,82000000,0.0
13,82000001,83000000,0.0
13,83000001,84000000,0.0
13,84000001,85000000,0.0
13,85000001,86000000,0.0
13,86000001,87000000,0.0
13,87000001,88000000,0.0
13,88000001,89000000,0.0
13,89000001,90000000,0.0
13,90000001,91000000,0.0
13,91000001,92000000,7.754887502163468
13,92000001,93000000,0.0
13,93000001,94000000,7.714245517666122
13,94000001,95000000,0.0
13,95000001,96000000,4.392317422778761
13,96000001,97000000,0.0
13,97000001,98000000,0.0
13,98000001,99000000,0.0
13,99000001,100000000,11.950920352030098
13,100000001,101000000,10.480790201095816
13,101000001,102000000,7.994353436858858
13,102000001,103000000,4.643856189774724
13,103000001,104000000,0.0
13,104000001,105000000,0.0
13,105000001,106000000,7.539158811108031
13,106000001,107000000,0.0
13,107000001,108000000,0.0
13,108000001,109000000,3.321928094887362
13,109000001,110000000,4.857980995127572
13,110000001,111000000,5.857980995127572
13,111000001,112000000,0.0
13,112000001,113000000,3.584962500721156
13,113000001,114000000,6.727920454563199
13,114000001,115000000,4.584962500721156
14,1,1000000,0.0
14,1000001,2000000,0.0
14,2000001,3000000,0.0
14,3000001,4000000,0.0
14,4000001,5000000,0.0
14,5000001,6000000,0.0
14,6000001,7000000,0.0
14,7000001,8000000,0.0
14,8000001,9000000,0.0
14,9000001,10000000,0.0
14,10000001,11000000,0.0
14,11000001,12000000,0.0
14,12000001,13000000,0.0
14,13000001,14000000,0.0
14,14000001,15000000,0.0
14,15000001,16000000,0.0
14,16000001,17000000,0.0
14,17000001,18000000,0.0
14,18000001,19000000,0.0
14,19000001,20000000,0.0
14,20000001,21000000,3.4594316186372973
14,21000001,22000000,0.0
14,22000001,23000000,16.962308616377502
14,23000001,24000000,2.321928094887362
14,24000001,25000000,0.0
14,25000001,26000000,0.0
14,26000001,27000000,0.0
14,27000001,28000000,0.0
14,28000001,29000000,0.0
14,29000001,30000000,0.0
14,30000001,31000000,0.0
14,31000001,32000000,0.0
14,32000001,33000000,7.285402218862249
14,33000001,34000000,7.442943495848728
14,34000001,35000000,0.0
14,35000001,36000000,5.523561956057013
14,36000001,37000000,0.0
14,37000001,38000000,0.0
14,38000001,39000000,0.0
14,39000001,40000000,3.584962500721156
14,40000001,41000000,0.0
14,41000001,42000000,0.0
14,42000001,43000000,0.0
14,43000001,44000000,0.0
14,44000001,45000000,0.0
14,45000001,46000000,0.0
14,46000001,47000000,0.0
14,47000001,48000000,0.0
14,48000001,49000000,0.0
14,49000001,50000000,9.546894459887637
14,50000001,51000000,7.569855608330948
14,51000001,52000000,0.0
14,52000001,53000000,0.0
14,53000001,54000000,0.0
14,54000001,55000000,4.247927513443585
14,55000001,56000000,5.643856189774724
14,56000001,57000000,6.569855608330948
14,57000001,58000000,0.0
14,58000001,59000000,0.0
14,59000001,60000000,0.0
14,60000001,61000000,9.49585502688717
14,61000001,62000000,0.0
14,62000001,63000000,7.727920454563199
14,63000001,64000000,8.164906926675688
14,64000001,65000000,7.734709620225838
14,65000001,66000000,0.0
14,66000001,67000000,2.807354922057604
14,67000001,68000000,0.0
14,68000001,69000000,4.584962500721156
14,69000001,70000000,0.0
14,70000001,71000000,0.0
14,71000001,72000000,0.0
14,72000001,73000000,0.0
14,73000001,74000000,0.0
14,74000001,75000000,0.0
14,75000001,76000000,0.0
14,76000001,77000000,0.0
14,77000001,78000000,0.0
14,78000001,79000000,2.584962500721156
14,79000001,80000000,0.0
14,80000001,81000000,0.0
14,81000001,82000000,2.321928094887362
14,82000001,83000000,0.0
14,83000001,84000000,0.0
14,84000001,85000000,0.0
14,85000001,86000000,8.169925001442312
14,86000001,87000000,0.0
14,87000001,88000000,0.0
14,88000001,89000000,0.0
14,89000001,90000000,0.0
14,90000001,91000000,14.430713885791938
14,91000001,92000000,0.0
14,92000001,93000000,0.0
14,93000001,94000000,3.807354922057604
14,94000001,95000000,0.0
14,95000001,96000000,0.0
14,96000001,97000000,4.584962500721156
14,97000001,98000000,3.807354922057604
14,98000001,99000000,0.0
14,99000001,100000000,6.247927513443585
14,100000001,101000000,11.028596777067108
14,101000001,102000000,5.129283016944966
14,102000001,103000000,9.002815015607053
14,103000001,104000000,9.167418145831737
15,1,1000000,0.0
15,1000001,2000000,0.0
15,2000001,3000000,0.0
15,3000001,4000000,0.0
15,4000001,5000000,0.0
15,5000001,6000000,0.0
15,6000001,7000000,0.0
15,7000001,8000000,0.0
15,8000001,9000000,0.0
15,9000001,10000000,0.0
15,10000001,11000000,0.0
15,11000001,12000000,0.0
15,12000001,13000000,0.0
15,13000001,14000000,0.0
15,14000001,15000000,0.0
15,15000001,16000000,0.0
15,16000001,17000000,0.0
15,17000001,18000000,0.0
15,18000001,19000000,0.0
15,19000001,20000000,0.0
15,20000001,21000000,4.321928094887363
15,21000001,22000000,0.0
15,22000001,23000000,0.0
15,23000001,24000000,0.0
15,24000001,25000000,0.0
15,25000001,26000000,4.954196310386875
15,26000001,27000000,0.0
15,27000001,28000000,0.0
15,28000001,29000000,0.0
15,29000001,30000000,0.0
15,30000001,31000000,0.0
15,31000001,32000000,11.706496018061188
15,32000001,33000000,0.0
15,33000001,34000000,14.80473605161403
15,34000001,35000000,9.614709844115207
15,35000001,36000000,8.842350343413807
15,36000001,37000000,3.321928094887362
15,37000001,38000000,6.285402218862249
15,38000001,39000000,0.0
15,39000001,40000000,0.0
15,40000001,41000000,6.977279923499917
15,41000001,42000000,7.6653359171851765
15,42000001,43000000,6.569855608330948
15,43000001,44000000,4.247927513443585
15,44000001,45000000,15.83538429654833
15,45000001,46000000,1.584962500721156
15,46000001,47000000,0.0
15,47000001,48000000,0.0
15,48000001,49000000,9.264442600226602
15,49000001,50000000,0.0
15,50000001,51000000,0.0
15,51000001,52000000,0.0
15,52000001,53000000,0.0
15,53000001,54000000,0.0
15,54000001,55000000,0.0
15,55000001,56000000,0.0
15,56000001,57000000,0.0
15,57000001,58000000,0.0
15,58000001,59000000,6.539158811108031
15,59000001,60000000,7.700439718141092
15,60000001,61000000,0.0
15,61000001,62000000,6.20945336562895
15,62000001,63000000,6.3750394313469245
15,63000001,64000000,0.0
15,64000001,65000000,2.584962500721156
15,65000001,66000000,2.321928094887362
15,66000001,67000000,6.149747119504682
15,67000001,68000000,5.807354922057604
15,68000001,69000000,6.754887502163468
15,69000001,70000000,12.074476000734501
15,70000001,71000000,7.894817763307944
15,71000001,72000000,0.0
15,72000001,73000000,0.0
15,73000001,74000000,6.426264754702098
15,74000001,75000000,0.0
15,75000001,76000000,0.0
15,76000001,77000000,0.0
15,77000001,78000000,0.0
15,78000001,79000000,0.0
15,79000001,80000000,8.20945336562895
15,80000001,81000000,2.321928094887362
15,81000001,82000000,0.0
15,82000001,83000000,0.0
15,83000001,84000000,0.0
15,84000001,85000000,0.0
15,85000001,86000000,8.689997971419446
15,86000001,87000000,11.350939181546432
15,87000001,88000000,0.0
15,88000001,89000000,7.845490050944375
15,89000001,90000000,9.353146825498083
15,90000001,91000000,6.539158811108031
15,91000001,92000000,0.0
15,92000001,93000000,0.0
15,93000001,94000000,0.0
15,94000001,95000000,0.0
15,95000001,96000000,0.0
15,96000001,97000000,0.0
15,97000001,98000000,0.0
15,98000001,99000000,0.0
15,99000001,100000000,0.0
15,100000001,101000000,3.4594316186372973
16,1,1000000,3.169925001442312
16,1000001,2000000,5.129283016944966
16,2000001,3000000,3.169925001442312
16,3000001,4000000,7.076815597050831
16,4000001,5000000,11.798471801101618
16,5000001,6000000,7.199672344836364
16,6000001,7000000,0.0
16,7000001,8000000,0.0
16,8000001,9000000,7.409390936137702
16,9000001,10000000,0.0
16,10000001,11000000,0.0
16,11000001,12000000,0.0
16,12000001,13000000,6.539158811108031
16,13000001,14000000,4.954196310386875
16,14000001,15000000,0.0
16,15000001,16000000,0.0
16,16000001,17000000,3.321928094887362
16,17000001,18000000,0.0
16,18000001,19000000,0.0
16,19000001,20000000,0.0
16,20000001,21000000,0.0
16,21000001,22000000,0.0
16,22000001,23000000,0.0
16,23000001,24000000,0.0
16,24000001,25000000,1.584962500721156
16,25000001,26000000,0.0
16,26000001,27000000,0.0
16,27000001,28000000,6.820178962415188
16,28000001,29000000,0.0
16,29000001,30000000,4.754887502163468
16,30000001,31000000,7.285402218862249
16,31000001,32000000,0.0
16,32000001,33000000,3.321928094887362
16,33000001,34000000,0.0
16,34000001,35000000,4.523561956057013
16,35000001,36000000,0.0
16,36000001,37000000,0.0
16,37000001,38000000,0.0
16,38000001,39000000,0.0
16,39000001,40000000,0.0
16,40000001,41000000,0.0
16,41000001,42000000,0.0
16,42000001,43000000,0.0
16,43000001,44000000,0.0
16,44000001,45000000,0.0
16,45000001,46000000,0.0
16,46000001,47000000,3.700439718141092
16,47000001,48000000,0.0
16,48000001,49000000,0.0
16,49000001,50000000,0.0
16,50000001,51000000,0.0
16,51000001,52000000,8.113742166049189
16,52000001,53000000,0.0
16,53000001,54000000,7.044394119358453
16,54000001,55000000,0.0
16,55000001,56000000,4.0
16,56000001,57000000,10.265615046484458
16,57000001,58000000,6.392317422778761
16,58000001,59000000,3.169925001442312
16,59000001,60000000,3.4594316186372973
16,60000001,61000000,0.0
16,61000001,62000000,0.0
16,62000001,63000000,0.0
16,63000001,64000000,0.0
16,64000001,65000000,0.0
16,65000001,66000000,0.0
16,66000001,67000000,4.0
16,67000001,68000000,8.45532722030456
16,68000001,69000000,3.700439718141092
16,69000001,70000000,0.0
16,70000001,71000000,0.0
16,71000001,72000000,0.0
16,72000001,73000000,6.022367813028454
16,73000001,74000000,0.0
16,74000001,75000000,4.247927513443585
16,75000001,76000000,14.27772328161035
16,76000001,77000000,0.0
16,77000001,78000000,0.0
16,78000001,79000000,6.108524456778169
16,79000001,80000000,0.0
16,80000001,81000000,0.0
16,81000001,82000000,0.0
16,82000001,83000000,0.0
16,83000001,84000000,6.303780748177103
16,84000001,85000000,0.0
16,85000001,86000000,0.0
16,86000001,87000000,0.0
16,87000001,88000000,4.321928094887363
16,88000001,89000000,5.807354922057604
16,89000001,90000000,4.643856189774724
17,1,1000000,2.0
17,1000001,2000000,9.121533517340032
17,2000001,3000000,5.392317422778761
17,3000001,4000000,3.4594316186372973
17,4000001,5000000,6.523561956057013
17,5000001,6000000,8.754887502163468
17,6000001,7000000,0.0
17,7000001,8000000,7.592457037268081
17,8000001,9000000,8.08214904135387
17,9000001,10000000,0.0
17,10000001,11000000,2.321928094887362
17,11000001,12000000,0.0
17,12000001,13000000,0.0
17,13000001,14000000,0.0
17,14000001,15000000,0.0
17,15000001,16000000,0.0
17,16000001,17000000,5.129283016944966
17,17000001,18000000,3.0
17,18000001,19000000,9.984418458801137
17,19000001,20000000,3.321928094887362
17,20000001,21000000,8.164906926675688
17,21000001,22000000,0.0
17,22000001,23000000,0.0
17,23000001,24000000,0.0
17,24000001,25000000,0.0
17,25000001,26000000,0.0
17,26000001,27000000,0.0
17,27000001,28000000,10.403012023574997
17,28000001,29000000,3.0
17,29000001,30000000,3.0
17,30000001,31000000,4.906890595608519
17,31000001,32000000,0.0
17,32000001,33000000,3.807354922057604
17,33000001,34000000,0.0
17,34000001,35000000,5.614709844115208
17,35000001,36000000,6.022367813028454
17,36000001,37000000,5.459431618637297
17,37000001,38000000,0.0
17,38000001,39000000,4.643856189774724
17,39000001,40000000,1.584962500721156
17,40000001,41000000,0.0
17,41000001,42000000,1.584962500721156
17,42000001,43000000,4.0
17,43000001,44000000,5.614709844115208
17,44000001,45000000,9.12670447284319
17,45000001,46000000,6.894817763307944
17,46000001,47000000,0.0
17,47000001,48000000,0.0
17,48000001,49000000,2.807354922057604
17,49000001,50000000,0.0
17,50000001,51000000,7.894817763307944
17,51000001,52000000,0.0
17,52000001,53000000,4.754887502163468
17,53000001,54000000,0.0
17,54000001,55000000,3.9068905956085187
17,55000001,56000000,0.0
17,56000001,57000000,0.0
17,57000001,58000000,4.700439718141092
17,58000001,59000000,9.778077129535358
17,59000001,60000000,0.0
17,60000001,61000000,2.0
17,61000001,62000000,0.0
17,62000001,63000000,4.700439718141092
17,63000001,64000000,8.73809225962049
17,64000001,65000000,6.6293566200796095
17,65000001,66000000,0.0
17,66000001,67000000,0.0
17,67000001,68000000,0.0
17,68000001,69000000,4.906890595608519
17,69000001,70000000,0.0
17,70000001,71000000,0.0
17,71000001,72000000,2.0
17,72000001,73000000,3.4594316186372973
17,73000001,74000000,0.0
17,74000001,75000000,4.754887502163468
17,75000001,76000000,7.03342300153745
17,76000001,77000000,9.842350343413807
17,77000001,78000000,7.592457037268081
17,78000001,79000000,7.330916878114617
17,79000001,80000000,3.700439718141092
17,80000001,81000000,8.447083226209653
17,81000001,82000000,13.510764167917891
17,82000001,83000000,2.584962500721156
18,1,1000000,0.0
18,1000001,2000000,0.0
18,2000001,3000000,2.321928094887362
18,3000001,4000000,0.0
18,4000001,5000000,4.857980995127572
18,5000001,6000000,0.0
18,6000001,7000000,0.0
18,7000001,8000000,5.643856189774724
18,8000001,9000000,0.0
18,9000001,10000000,0.0
18,10000001,11000000,4.584962500721156
18,11000001,12000000,0.0
18,12000001,13000000,15.069743445808623
18,13000001,14000000,0.0
18,14000001,15000000,0.0
18,15000001,16000000,0.0
18,16000001,17000000,0.0
18,17000001,18000000,0.0
18,18000001,19000000,0.0
18,19000001,20000000,0.0
18,20000001,21000000,0.0
18,21000001,22000000,0.0
18,22000001,23000000,4.523561956057013
18,23000001,24000000,11.95492329203032
18,24000001,25000000,0.0
18,25000001,26000000,0.0
18,26000001,27000000,5.523561956057013
18,27000001,28000000,0.0
18,28000001,29000000,0.0
18,29000001,30000000,0.0
18,30000001,31000000,0.0
18,31000001,32000000,0.0
18,32000001,33000000,0.0
18,33000001,34000000,0.0
18,34000001,35000000,7.515699838284043
18,35000001,36000000,4.321928094887363
18,36000001,37000000,0.0
18,37000001,38000000,0.0
18,38000001,39000000,0.0
18,39000001,40000000,0.0
18,40000001,41000000,2.321928094887362
18,41000001,42000000,5.554588851677638
18,42000001,43000000,3.584962500721156
18,43000001,44000000,0.0
18,44000001,45000000,0.0
18,45000001,46000000,0.0
18,46000001,47000000,2.0
18,47000001,48000000,4.807354922057604
18,48000001,49000000,11.268542000300123
18,49000001,50000000,0.0
18,50000001,51000000,0.0
18,51000001,52000000,0.0
18,52000001,53000000,0.0
18,53000001,54000000,0.0
18,54000001,55000000,0.0
18,55000001,56000000,0.0
18,56000001,57000000,0.0
18,57000001,58000000,3.4594316186372973
18,58000001,59000000,0.0
18,59000001,60000000,0.0
18,60000001,61000000,0.0
18,61000001,62000000,0.0
18,62000001,63000000,0.0
18,63000001,64000000,0.0
18,64000001,65000000,0.0
18,65000001,66000000,5.087462841250339
18,66000001,67000000,0.0
18,67000001,68000000,0.0
18,68000001,69000000,0.0
18,69000001,70000000,0.0
18,70000001,71000000,0.0
18,71000001,72000000,0.0
18,72000001,73000000,0.0
18,73000001,74000000,0.0
18,74000001,75000000,0.0
18,75000001,76000000,3.321928094887362
18,76000001,77000000,0.0
18,77000001,78000000,7.189824558880018
18,78000001,79000000,10.06339508128851
18,79000001,80000000,4.906890595608519
18,80000001,81000000,5.357552004618084
19,1,1000000,10.524541715035848
19,1000001,2000000,6.523561956057013
19,2000001,3000000,6.794415866350106
19,3000001,4000000,8.087462841250339
19,4000001,5000000,8.339850002884624
19,5000001,6000000,5.643856189774724
19,6000001,7000000,5.169925001442312
19,7000001,8000000,5.247927513443585
19,8000001,9000000,4.857980995127572
19,9000001,10000000,4.754887502163468
19,10000001,11000000,2.807354922057604
19,11000001,12000000,6.539158811108031
19,12000001,13000000,8.672425341971495
19,13000001,14000000,7.330916878114617
19,14000001,15000000,0.0
19,15000001,16000000,3.9068905956085187
19,16000001,17000000,9.449148645375436
19,17000001,18000000,9.81698362325538
19,18000001,19000000,10.219168520462162
19,19000001,20000000,0.0
19,20000001,21000000,0.0
19,21000001,22000000,0.0
19,22000001,23000000,0.0
19,23000001,24000000,6.044394119358453
19,24000001,25000000,0.0
19,25000001,26000000,0.0
19,26000001,27000000,0.0
19,27000001,28000000,0.0
19,28000001,29000000,2.807354922057604
19,29000001,30000000,0.0
19,30000001,31000000,0.0
19,31000001,32000000,0.0
19,32000001,33000000,0.0
19,33000001,34000000,0.0
19,34000001,35000000,0.0
19,35000001,36000000,11.171802288682983
19,36000001,37000000,0.0
19,37000001,38000000,4.087462841250339
19,38000001,39000000,5.285402218862249
19,39000001,40000000,0.0
19,40000001,41000000,2.584962500721156
19,41000001,42000000,6.78135971352466
19,42000001,43000000,5.491853096329675
19,43000001,44000000,0.0
19,44000001,45000000,2.0
19,45000001,46000000,5.700439718141092
19,46000001,47000000,6.285402218862249
19,47000001,48000000,0.0
19,48000001,49000000,14.670102962422918
19,49000001,50000000,4.0
19,50000001,51000000,0.0
19,51000001,52000000,4.321928094887363
19,52000001,53000000,8.0
19,53000001,54000000,0.0
19,54000001,55000000,0.0
19,55000001,56000000,17.89252502949786
19,56000001,57000000,0.0
19,57000001,58000000,2.0
19,58000001,59000000,5.672425341971495
2,1,1000000,2.321928094887362
2,1000001,2000000,5.285402218862249
2,2000001,3000000,2.321928094887362
2,3000001,4000000,10.834471049984222
2,4000001,5000000,0.0
2,5000001,6000000,6.321928094887363
2,6000001,7000000,0.0
2,7000001,8000000,0.0
2,8000001,9000000,0.0
2,9000001,10000000,0.0
2,10000001,11000000,7.149747119504682
2,11000001,12000000,0.0
2,12000001,13000000,3.4594316186372973
2,13000001,14000000,0.0
2,14000001,15000000,0.0
2,15000001,16000000,0.0
2,16000001,17000000,0.0
2,17000001,18000000,0.0
2,18000001,19000000,0.0
2,19000001,20000000,8.658211482751796
2,20000001,21000000,5.727920454563199
2,21000001,22000000,9.074141462752506
2,22000001,23000000,0.0
2,23000001,24000000,3.9068905956085187
2,24000001,25000000,0.0
2,25000001,26000000,4.0
2,26000001,27000000,0.0
2,27000001,28000000,0.0
2,28000001,29000000,4.321928094887363
2,29000001,30000000,2.321928094887362
2,30000001,31000000,0.0
2,31000001,32000000,0.0
2,32000001,33000000,0.0
2,33000001,34000000,0.0
2,34000001,35000000,0.0
2,35000001,36000000,0.0
2,36000001,37000000,7.011227255423254
2,37000001,38000000,0.0
2,38000001,39000000,0.0
2,39000001,40000000,0.0
2,40000001,41000000,0.0
2,41000001,42000000,0.0
2,42000001,43000000,5.357552004618084
2,43000001,44000000,8.060695931687555
2,44000001,45000000,0.0
2,45000001,46000000,0.0
2,46000001,47000000,0.0
2,47000001,48000000,0.0
2,48000001,49000000,0.0
2,49000001,50000000,0.0
2,50000001,51000000,0.0
2,51000001,52000000,0.0
2,52000001,53000000,3.584962500721156
2,53000001,54000000,0.0
2,54000001,55000000,3.4594316186372973
2,55000001,56000000,0.0
2,56000001,57000000,0.0
2,57000001,58000000,0.0
2,58000001,59000000,0.0
2,59000001,60000000,4.169925001442312
2,60000001,61000000,5.247927513443585
2,61000001,62000000,3.584962500721156
2,62000001,63000000,0.0
2,63000001,64000000,4.0
2,64000001,65000000,0.0
2,65000001,66000000,3.321928094887362
2,66000001,67000000,0.0
2,67000001,68000000,0.0
2,68000001,69000000,8.487840033823051
2,69000001,70000000,8.330916878114618
2,70000001,71000000,0.0
2,71000001,72000000,12.060695931687555
2,72000001,73000000,2.321928094887362
2,73000001,74000000,0.0
2,74000001,75000000,0.0
2,75000001,76000000,3.700439718141092
2,76000001,77000000,4.584962500721156
2,77000001,78000000,0.0
2,78000001,79000000,0.0
2,79000001,80000000,0.0
2,80000001,81000000,0.0
2,81000001,82000000,0.0
2,82000001,83000000,0.0
2,83000001,84000000,0.0
2,84000001,85000000,0.0
2,85000001,86000000,0.0
2,86000001,87000000,0.0
2,87000001,88000000,0.0
2,88000001,89000000,0.0
2,89000001,90000000,0.0
2,90000001,91000000,0.0
2,91000001,92000000,2.321928094887362
2,92000001,93000000,0.0
2,93000001,94000000,0.0
2,94000001,95000000,0.0
2,95000001,96000000,9.632995197142957
2,96000001,97000000,0.0
2,97000001,98000000,0.0
2,98000001,99000000,0.0
2,99000001,100000000,0.0
2,100000001,101000000,0.0
2,101000001,102000000,3.0
2,102000001,103000000,0.0
2,103000001,104000000,0.0
2,104000001,105000000,10.709945380232497
2,105000001,106000000,0.0
2,106000001,107000000,0.0
2,107000001,108000000,0.0
2,108000001,109000000,0.0
2,109000001,110000000,0.0
2,110000001,111000000,0.0
2,111000001,112000000,0.0
2,112000001,113000000,4.0
2,113000001,114000000,9.245552706255681
2,114000001,115000000,0.0
2,115000001,116000000,0.0
2,116000001,117000000,0.0
2,117000001,118000000,0.0
2,118000001,119000000,0.0
2,119000001,120000000,0.0
2,120000001,121000000,6.3750394313469245
2,121000001,122000000,0.0
2,122000001,123000000,0.0
2,123000001,124000000,0.0
2,124000001,125000000,0.0
2,125000001,126000000,0.0
2,126000001,127000000,0.0
2,127000001,128000000,5.807354922057604
2,128000001,129000000,3.584962500721156
2,129000001,130000000,0.0
2,130000001,131000000,0.0
2,131000001,132000000,6.6865005271832185
2,132000001,133000000,0.0
2,133000001,134000000,0.0
2,134000001,135000000,3.321928094887362
2,135000001,136000000,0.0
2,136000001,137000000,16.81654621002827
2,137000001,138000000,0.0
2,138000001,139000000,0.0
2,139000001,140000000,0.0
2,140000001,141000000,0.0
2,141000001,142000000,0.0
2,142000001,143000000,0.0
2,143000001,144000000,0.0
2,144000001,145000000,0.0
2,145000001,146000000,0.0
2,146000001,147000000,0.0
2,147000001,148000000,0.0
2,148000001,149000000,4.643856189774724
2,149000001,150000000,4.392317422778761
2,150000001,151000000,0.0
2,151000001,152000000,11.871520262329113
2,152000001,153000000,0.0
2,153000001,154000000,0.0
2,154000001,155000000,0.0
2,155000001,156000000,2.0
2,156000001,157000000,0.0
2,157000001,158000000,0.0
2,158000001,159000000,0.0
2,159000001,160000000,0.0
2,160000001,161000000,0.0
2,161000001,162000000,0.0
2,162000001,163000000,0.0
2,163000001,164000000,0.0
2,164000001,165000000,0.0
2,165000001,166000000,0.0
2,166000001,167000000,0.0
2,167000001,168000000,4.807354922057604
2,168000001,169000000,0.0
2,169000001,170000000,0.0
2,170000001,171000000,8.29920801838728
2,171000001,172000000,0.0
2,172000001,173000000,6.285402218862249
2,173000001,174000000,0.0
2,174000001,175000000,4.247927513443585
2,175000001,176000000,0.0
2,176000001,177000000,0.0
2,177000001,178000000,0.0
2,178000001,179000000,0.0
2,179000001,180000000,0.0
2,180000001,181000000,0.0
2,181000001,182000000,0.0
2,182000001,183000000,0.0
2,183000001,184000000,0.0
2,184000001,185000000,0.0
2,185000001,186000000,0.0
2,186000001,187000000,0.0
2,187000001,188000000,0.0
2,188000001,189000000,0.0
2,189000001,190000000,0.0
2,190000001,191000000,0.0
2,191000001,192000000,0.0
2,192000001,193000000,0.0
2,193000001,194000000,0.0
2,194000001,195000000,0.0
2,195000001,196000000,0.0
2,196000001,197000000,0.0
2,197000001,198000000,4.584962500721156
2,198000001,199000000,0.0
2,199000001,200000000,4.321928094887363
2,200000001,201000000,0.0
2,201000001,202000000,0.0
2,202000001,203000000,0.0
2,203000001,204000000,17.045397065328245
2,204000001,205000000,5.321928094887363
2,205000001,206000000,0.0
2,206000001,207000000,0.0
2,207000001,208000000,0.0
2,208000001,209000000,0.0
2,209000001,210000000,0.0
2,210000001,211000000,0.0
2,211000001,212000000,0.0
2,212000001,213000000,0.0
2,213000001,214000000,0.0
2,214000001,215000000,0.0
2,215000001,216000000,0.0
2,216000001,217000000,3.584962500721156
2,217000001,218000000,12.313166475977198
2,218000001,219000000,8.960001932068081
2,219000001,220000000,9.014020470314934
2,220000001,221000000,0.0
2,221000001,222000000,0.0
2,222000001,223000000,0.0
2,223000001,224000000,0.0
2,224000001,225000000,0.0
2,225000001,226000000,0.0
2,226000001,227000000,0.0
2,227000001,228000000,0.0
2,228000001,229000000,0.0
2,229000001,230000000,0.0
2,230000001,231000000,12.854868383260236
2,231000001,232000000,0.0
2,232000001,233000000,0.0
2,233000001,234000000,0.0
2,234000001,235000000,0.0
2,235000001,236000000,2.807354922057604
2,236000001,237000000,0.0
2,237000001,238000000,9.13699111208023
2,238000001,239000000,0.0
2,239000001,240000000,10.878050912728536
2,240000001,241000000,0.0
2,241000001,242000000,14.813881374894095
20,1,1000000,8.098032082960527
20,1000001,2000000,0.0
20,2000001,3000000,0.0
20,3000001,4000000,10.751544059089099
20,4000001,5000000,0.0
20,5000001,6000000,3.321928094887362
20,6000001,7000000,0.0
20,7000001,8000000,0.0
20,8000001,9000000,0.0
20,9000001,10000000,5.426264754702098
20,10000001,11000000,0.0
20,11000001,12000000,0.0
20,12000001,13000000,0.0
20,13000001,14000000,9.079484783826816
20,14000001,15000000,0.0
20,15000001,16000000,0.0
20,16000001,17000000,0.0
20,17000001,18000000,0.0
20,18000001,19000000,0.0
20,19000001,20000000,0.0
20,20000001,21000000,6.3750394313469245
20,21000001,22000000,0.0
20,22000001,23000000,0.0
20,23000001,24000000,0.0
20,24000001,25000000,7.787902559391432
20,25000001,26000000,11.945077995107816
20,26000001,27000000,4.321928094887363
20,27000001,28000000,0.0
20,28000001,29000000,0.0
20,29000001,30000000,0.0
20,30000001,31000000,0.0
20,31000001,32000000,2.0
20,32000001,33000000,8.810571634741146
20,33000001,34000000,5.321928094887363
20,34000001,35000000,0.0
20,35000001,36000000,9.149747119504681
20,36000001,37000000,13.47965397217093
20,37000001,38000000,0.0
20,38000001,39000000,8.954196310386875
20,39000001,40000000,0.0
20,40000001,41000000,0.0
20,41000001,42000000,0.0
20,42000001,43000000,5.285402218862249
20,43000001,44000000,5.321928094887363
20,44000001,45000000,5.700439718141092
20,45000001,46000000,8.73809225962049
20,46000001,47000000,7.087462841250339
20,47000001,48000000,0.0
20,48000001,49000000,0.0
20,49000001,50000000,6.044394119358453
20,50000001,51000000,7.882643049361842
20,51000001,52000000,6.794415866350106
20,52000001,53000000,0.0
20,53000001,54000000,0.0
20,54000001,55000000,0.0
20,55000001,56000000,10.034798962577268
20,56000001,57000000,0.0
20,57000001,58000000,8.348728154231077
20,58000001,59000000,3.584962500721156
20,59000001,60000000,0.0
20,60000001,61000000,8.164906926675688
20,61000001,62000000,0.0
20,62000001,63000000,13.117643101389092
20,63000001,64000000,6.539158811108031
20,64000001,65000000,5.087462841250339
21,1,1000000,0.0
21,1000001,2000000,0.0
21,2000001,3000000,0.0
21,3000001,4000000,0.0
21,4000001,5000000,0.0
21,5000001,6000000,0.0
21,6000001,7000000,0.0
21,7000001,8000000,0.0
21,8000001,9000000,0.0
21,9000001,10000000,0.0
21,10000001,11000000,7.965784284662087
21,11000001,12000000,0.0
21,12000001,13000000,0.0
21,13000001,14000000,3.807354922057604
21,14000001,15000000,0.0
21,15000001,16000000,0.0
21,16000001,17000000,0.0
21,17000001,18000000,0.0
21,18000001,19000000,0.0
21,19000001,20000000,5.285402218862249
21,20000001,21000000,0.0
21,21000001,22000000,0.0
21,22000001,23000000,0.0
21,23000001,24000000,0.0
21,24000001,25000000,0.0
21,25000001,26000000,0.0
21,26000001,27000000,0.0
21,27000001,28000000,0.0
21,28000001,29000000,0.0
21,29000001,30000000,0.0
21,30000001,31000000,0.0
21,31000001,32000000,7.622051819456376
21,32000001,33000000,0.0
21,33000001,34000000,8.92481250360578
21,34000001,35000000,0.0
21,35000001,36000000,0.0
21,36000001,37000000,2.807354922057604
21,37000001,38000000,9.867278739709661
21,38000001,39000000,0.0
21,39000001,40000000,0.0
21,40000001,41000000,5.20945336562895
21,41000001,42000000,7.434628227636725
21,42000001,43000000,5.614709844115208
21,43000001,44000000,2.0
21,44000001,45000000,6.643856189774724
22,1,1000000,0.0
22,1000001,2000000,0.0
22,2000001,3000000,0.0
22,3000001,4000000,0.0
22,4000001,5000000,0.0
22,5000001,6000000,0.0
22,6000001,7000000,0.0
22,7000001,8000000,0.0
22,8000001,9000000,0.0
22,9000001,10000000,0.0
22,10000001,11000000,0.0
22,11000001,12000000,0.0
22,12000001,13000000,0.0
22,13000001,14000000,0.0
22,14000001,15000000,0.0
22,15000001,16000000,0.0
22,16000001,17000000,0.0
22,17000001,18000000,8.290018846932618
22,18000001,19000000,0.0
22,19000001,20000000,5.807354922057604
22,20000001,21000000,6.409390936137702
22,21000001,22000000,4.087462841250339
22,22000001,23000000,6.247927513443585
22,23000001,24000000,4.247927513443585
22,24000001,25000000,2.321928094887362
22,25000001,26000000,5.169925001442312
22,26000001,27000000,4.0
22,27000001,28000000,7.467605550082998
22,28000001,29000000,6.569855608330948
22,29000001,30000000,7.118941072723508
22,30000001,31000000,2.807354922057604
22,31000001,32000000,3.584962500721156
22,32000001,33000000,0.0
22,33000001,34000000,0.0
22,34000001,35000000,0.0
22,35000001,36000000,2.321928094887362
22,36000001,37000000,0.0
22,37000001,38000000,8.087462841250339
22,38000001,39000000,0.0
22,39000001,40000000,0.0
22,40000001,41000000,7.392317422778761
22,41000001,42000000,6.20945336562895
22,42000001,43000000,0.0
22,43000001,44000000,0.0
22,44000001,45000000,5.614709844115208
22,45000001,46000000,0.0
22,46000001,47000000,7.189824558880018
22,47000001,48000000,12.985130373466898
22,48000001,49000000,7.285402218862249
22,49000001,50000000,0.0
22,50000001,51000000,2.0
3,1,1000000,6.845490050944375
3,1000001,2000000,0.0
3,2000001,3000000,0.0
3,3000001,4000000,0.0
3,4000001,5000000,10.923327485419192
3,5000001,6000000,0.0
3,6000001,7000000,0.0
3,7000001,8000000,0.0
3,8000001,9000000,0.0
3,9000001,10000000,4.169925001442312
3,10000001,11000000,11.522091068887065
3,11000001,12000000,0.0
3,12000001,13000000,3.0
3,13000001,14000000,6.672425341971495
3,14000001,15000000,0.0
3,15000001,16000000,5.459431618637297
3,16000001,17000000,0.0
3,17000001,18000000,0.0
3,18000001,19000000,0.0
3,19000001,20000000,0.0
3,20000001,21000000,0.0
3,21000001,22000000,0.0
3,22000001,23000000,0.0
3,23000001,24000000,0.0
3,24000001,25000000,2.0
3,25000001,26000000,0.0
3,26000001,27000000,0.0
3,27000001,28000000,0.0
3,28000001,29000000,0.0
3,29000001,30000000,0.0
3,30000001,31000000,0.0
3,31000001,32000000,0.0
3,32000001,33000000,0.0
3,33000001,34000000,0.0
3,34000001,35000000,0.0
3,35000001,36000000,0.0
3,36000001,37000000,0.0
3,37000001,38000000,7.087462841250339
3,38000001,39000000,8.471675214392045
3,39000001,40000000,0.0
3,40000001,41000000,0.0
3,41000001,42000000,0.0
3,42000001,43000000,13.82097669262124
3,43000001,44000000,3.0
3,44000001,45000000,4.584962500721156
3,45000001,46000000,0.0
3,46000001,47000000,17.03477747327517
3,47000001,48000000,4.643856189774724
3,48000001,49000000,12.127349541059118
3,49000001,50000000,4.584962500721156
3,50000001,51000000,5.614709844115208
3,51000001,52000000,8.584962500721156
3,52000001,53000000,5.523561956057013
3,53000001,54000000,6.409390936137702
3,54000001,55000000,10.726218159332198
3,55000001,56000000,0.0
3,56000001,57000000,0.0
3,57000001,58000000,9.81698362325538
3,58000001,59000000,0.0
3,59000001,60000000,3.9068905956085187
3,60000001,61000000,0.0
3,61000001,62000000,0.0
3,62000001,63000000,0.0
3,63000001,64000000,7.2384047393250786
3,64000001,65000000,0.0
3,65000001,66000000,0.0
3,66000001,67000000,0.0
3,67000001,68000000,12.49585502688717
3,68000001,69000000,5.247927513443585
3,69000001,70000000,0.0
3,70000001,71000000,0.0
3,71000001,72000000,0.0
3,72000001,73000000,1.584962500721156
3,73000001,74000000,0.0
3,74000001,75000000,0.0
3,75000001,76000000,0.0
3,76000001,77000000,0.0
3,77000001,78000000,0.0
3,78000001,79000000,0.0
3,79000001,80000000,0.0
3,80000001,81000000,0.0
3,81000001,82000000,0.0
3,82000001,83000000,0.0
3,83000001,84000000,0.0
3,84000001,85000000,0.0
3,85000001,86000000,0.0
3,86000001,87000000,0.0
3,87000001,88000000,4.906890595608519
3,88000001,89000000,0.0
3,89000001,90000000,7.159871336778389
3,90000001,91000000,5.0
3,91000001,92000000,0.0
3,92000001,93000000,0.0
3,93000001,94000000,0.0
3,94000001,95000000,7.459431618637297
3,95000001,96000000,0.0
3,96000001,97000000,4.321928094887363
3,97000001,98000000,0.0
3,98000001,99000000,3.807354922057604
3,99000001,100000000,7.098032082960526
3,100000001,101000000,0.0
3,101000001,102000000,0.0
3,102000001,103000000,0.0
3,103000001,104000000,0.0
3,104000001,105000000,0.0
3,105000001,106000000,14.8107724413447
3,106000001,107000000,0.0
3,107000001,108000000,14.819480586461145
3,108000001,109000000,0.0
3,109000001,110000000,0.0
3,110000001,111000000,0.0
3,111000001,112000000,5.20945336562895
3,112000001,113000000,0.0
3,113000001,114000000,0.0
3,114000001,115000000,0.0
3,115000001,116000000,0.0
3,116000001,117000000,0.0
3,117000001,118000000,0.0
3,118000001,119000000,0.0
3,119000001,120000000,0.0
3,120000001,121000000,6.930737337562887
3,121000001,122000000,1.584962500721156
3,122000001,123000000,0.0
3,123000001,124000000,5.807354922057604
3,124000001,125000000,4.954196310386875
3,125000001,126000000,7.864186144654281
3,126000001,127000000,5.087462841250339
3,127000001,128000000,8.049848549450562
3,128000001,129000000,0.0
3,129000001,130000000,0.0
3,130000001,131000000,0.0
3,131000001,132000000,0.0
3,132000001,133000000,0.0
3,133000001,134000000,0.0
3,134000001,135000000,10.962173031109709
3,135000001,136000000,7.539158811108031
3,136000001,137000000,0.0
3,137000001,138000000,0.0
3,138000001,139000000,3.4594316186372973
3,139000001,140000000,8.948367231584678
3,140000001,141000000,4.643856189774724
3,141000001,142000000,3.0
3,142000001,143000000,8.103287808412022
3,143000001,144000000,0.0
3,144000001,145000000,0.0
3,145000001,146000000,5.700439718141092
3,146000001,147000000,0.0
3,147000001,148000000,0.0
3,148000001,149000000,0.0
3,149000001,150000000,0.0
3,150000001,151000000,0.0
3,151000001,152000000,0.0
3,152000001,153000000,6.643856189774724
3,153000001,154000000,0.0
3,154000001,155000000,0.0
3,155000001,156000000,4.459431618637297
3,156000001,157000000,7.888743248898259
3,157000001,158000000,0.0
3,158000001,159000000,0.0
3,159000001,160000000,0.0
3,160000001,161000000,0.0
3,161000001,162000000,0.0
3,162000001,163000000,0.0
3,163000001,164000000,0.0
3,164000001,165000000,0.0
3,165000001,166000000,0.0
3,166000001,167000000,0.0
3,167000001,168000000,0.0
3,168000001,169000000,0.0
3,169000001,170000000,0.0
3,170000001,171000000,0.0
3,171000001,172000000,0.0
3,172000001,173000000,0.0
3,173000001,174000000,0.0
3,174000001,175000000,0.0
3,175000001,176000000,0.0
3,176000001,177000000,0.0
3,177000001,178000000,0.0
3,178000001,179000000,0.0
3,179000001,180000000,0.0
3,180000001,181000000,0.0
3,181000001,182000000,0.0
3,182000001,183000000,0.0
3,183000001,184000000,0.0
3,184000001,185000000,7.672425341971495
3,185000001,186000000,0.0
3,186000001,187000000,7.383704292474052
3,187000001,188000000,0.0
3,188000001,189000000,3.9068905956085187
3,189000001,190000000,0.0
3,190000001,191000000,0.0
3,191000001,192000000,0.0
3,192000001,193000000,0.0
3,193000001,194000000,6.643856189774724
3,194000001,195000000,5.78135971352466
3,195000001,196000000,0.0
3,196000001,197000000,8.124121311829187
4,1,1000000,7.888743248898259
4,1000001,2000000,8.011227255423254
4,2000001,3000000,0.0
4,3000001,4000000,4.584962500721156
4,4000001,5000000,4.169925001442312
4,5000001,6000000,0.0
4,6000001,7000000,0.0
4,7000001,8000000,9.071462362556623
4,8000001,9000000,0.0
4,9000001,10000000,3.9068905956085187
4,10000001,11000000,7.658211482751795
4,11000001,12000000,0.0
4,12000001,13000000,0.0
4,13000001,14000000,0.0
4,14000001,15000000,0.0
4,15000001,16000000,0.0
4,16000001,17000000,0.0
4,17000001,18000000,0.0
4,18000001,19000000,0.0
4,19000001,20000000,0.0
4,20000001,21000000,0.0
4,21000001,22000000,0.0
4,22000001,23000000,4.321928094887363
4,23000001,24000000,0.0
4,24000001,25000000,0.0
4,25000001,26000000,0.0
4,26000001,27000000,0.0
4,27000001,28000000,0.0
4,28000001,29000000,0.0
4,29000001,30000000,0.0
4,30000001,31000000,0.0
4,31000001,32000000,0.0
4,32000001,33000000,0.0
4,33000001,34000000,0.0
4,34000001,35000000,0.0
4,35000001,36000000,3.9068905956085187
4,36000001,37000000,0.0
4,37000001,38000000,0.0
4,38000001,39000000,6.954196310386875
4,39000001,40000000,0.0
4,40000001,41000000,4.087462841250339
4,41000001,42000000,0.0
4,42000001,43000000,0.0
4,43000001,44000000,0.0
4,44000001,45000000,2.0
4,45000001,46000000,0.0
4,46000001,47000000,0.0
4,47000001,48000000,4.906890595608519
4,48000001,49000000,0.0
4,49000001,50000000,0.0
4,50000001,51000000,0.0
4,51000001,52000000,0.0
4,52000001,53000000,0.0
4,53000001,54000000,5.426264754702098
4,54000001,55000000,0.0
4,55000001,56000000,2.807354922057604
4,56000001,57000000,0.0
4,57000001,58000000,6.285402218862249
4,58000001,59000000,0.0
4,59000001,60000000,0.0
4,60000001,61000000,0.0
4,61000001,62000000,0.0
4,62000001,63000000,4.247927513443585
4,63000001,64000000,0.0
4,64000001,65000000,0.0
4,65000001,66000000,0.0
4,66000001,67000000,0.0
4,67000001,68000000,0.0
4,68000001,69000000,0.0
4,69000001,70000000,0.0
4,70000001,71000000,0.0
4,71000001,72000000,0.0
4,72000001,73000000,2.321928094887362
4,73000001,74000000,8.252665432450248
4,74000001,75000000,6.714245517666122
4,75000001,76000000,0.0
4,76000001,77000000,4.754887502163468
4,77000001,78000000,0.0
4,78000001,79000000,7.392317422778761
4,79000001,80000000,0.0
4,80000001,81000000,0.0
4,81000001,82000000,0.0
4,82000001,83000000,0.0
4,83000001,84000000,3.321928094887362
4,84000001,85000000,0.0
4,85000001,86000000,7.409390936137702
4,86000001,87000000,0.0
4,87000001,88000000,0.0
4,88000001,89000000,0.0
4,89000001,90000000,0.0
4,90000001,91000000,0.0
4,91000001,92000000,0.0
4,92000001,93000000,0.0
4,93000001,94000000,0.0
4,94000001,95000000,0.0
4,95000001,96000000,12.59245703726808
4,96000001,97000000,0.0
4,97000001,98000000,6.832890014164741
4,98000001,99000000,0.0
4,99000001,100000000,0.0
4,100000001,101000000,0.0
4,101000001,102000000,0.0
4,102000001,103000000,0.0
4,103000001,104000000,9.914385132155443
4,104000001,105000000,0.0
4,105000001,106000000,0.0
4,106000001,107000000,0.0
4,107000001,108000000,0.0
4,108000001,109000000,13.755722153642282
4,109000001,110000000,0.0
4,110000001,111000000,2.321928094887362
4,111000001,112000000,0.0
4,112000001,113000000,0.0
4,113000001,114000000,0.0
4,114000001,115000000,0.0
4,115000001,116000000,0.0
4,116000001,117000000,0.0
4,117000001,118000000,0.0
4,118000001,119000000,0.0
4,119000001,120000000,0.0
4,120000001,121000000,0.0
4,121000001,122000000,5.247927513443585
4,122000001,123000000,0.0
4,123000001,124000000,0.0
4,124000001,125000000,0.0
4,125000001,126000000,0.0
4,126000001,127000000,0.0
4,127000001,128000000,0.0
4,128000001,129000000,0.0
4,129000001,130000000,6.303780748177103
4,130000001,131000000,0.0
4,131000001,132000000,0.0
4,132000001,133000000,0.0
4,133000001,134000000,0.0
4,134000001,135000000,0.0
4,135000001,136000000,0.0
4,136000001,137000000,7.257387842692652
4,137000001,138000000,11.547376563498101
4,138000001,139000000,0.0
4,139000001,140000000,0.0
4,140000001,141000000,2.0
4,141000001,142000000,0.0
4,142000001,143000000,0.0
4,143000001,144000000,0.0
4,144000001,145000000,0.0
4,145000001,146000000,6.044394119358453
4,146000001,147000000,0.0
4,147000001,148000000,0.0
4,148000001,149000000,0.0
4,149000001,150000000,5.727920454563199
4,150000001,151000000,0.0
4,151000001,152000000,5.930737337562887
4,152000001,153000000,5.321928094887363
4,153000001,154000000,0.0
4,154000001,155000000,0.0
4,155000001,156000000,0.0
4,156000001,157000000,0.0
4,157000001,158000000,11.793196859060945
4,158000001,159000000,0.0
4,159000001,160000000,0.0
4,160000001,161000000,0.0
4,161000001,162000000,0.0
4,162000001,163000000,0.0
4,163000001,164000000,9.426264754702098
4,164000001,165000000,0.0
4,165000001,166000000,0.0
4,166000001,167000000,0.0
4,167000001,168000000,0.0
4,168000001,169000000,0.0
4,169000001,170000000,0.0
4,170000001,171000000,4.584962500721156
4,171000001,172000000,0.0
4,172000001,173000000,10.912889336229961
4,173000001,174000000,0.0
4,174000001,175000000,0.0
4,175000001,176000000,0.0
4,176000001,177000000,0.0
4,177000001,178000000,0.0
4,178000001,179000000,0.0
4,179000001,180000000,0.0
4,180000001,181000000,0.0
4,181000001,182000000,0.0
4,182000001,183000000,6.882643049361842
4,183000001,184000000,0.0
4,184000001,185000000,0.0
4,185000001,186000000,3.700439718141092
5,1,1000000,0.0
5,1000001,2000000,4.321928094887363
5,2000001,3000000,0.0
5,3000001,4000000,0.0
5,4000001,5000000,0.0
5,5000001,6000000,7.546894459887636
5,6000001,7000000,9.231221180711186
5,7000001,8000000,0.0
5,8000001,9000000,0.0
5,9000001,10000000,0.0
5,10000001,11000000,9.573647187493322
5,11000001,12000000,0.0
5,12000001,13000000,0.0
5,13000001,14000000,0.0
5,14000001,15000000,0.0
5,15000001,16000000,0.0
5,16000001,17000000,8.214319120800766
5,17000001,18000000,2.321928094887362
5,18000001,19000000,5.044394119358453
5,19000001,20000000,0.0
5,20000001,21000000,0.0
5,21000001,22000000,0.0
5,22000001,23000000,0.0
5,23000001,24000000,0.0
5,24000001,25000000,0.0
5,25000001,26000000,0.0
5,26000001,27000000,0.0
5,27000001,28000000,0.0
5,28000001,29000000,0.0
5,29000001,30000000,0.0
5,30000001,31000000,0.0
5,31000001,32000000,5.357552004618084
5,32000001,33000000,0.0
5,33000001,34000000,0.0
5,34000001,35000000,0.0
5,35000001,36000000,0.0
5,36000001,37000000,5.392317422778761
5,37000001,38000000,7.539158811108031
5,38000001,39000000,2.584962500721156
5,39000001,40000000,0.0
5,40000001,41000000,0.0
5,41000001,42000000,0.0
5,42000001,43000000,0.0
5,43000001,44000000,0.0
5,44000001,45000000,0.0
5,45000001,46000000,0.0
5,46000001,47000000,0.0
5,47000001,48000000,6.94251450533924
5,48000001,49000000,0.0
5,49000001,50000000,0.0
5,50000001,51000000,0.0
5,51000001,52000000,0.0
5,52000001,53000000,0.0
5,53000001,54000000,0.0
5,54000001,55000000,0.0
5,55000001,56000000,0.0
5,56000001,57000000,0.0
5,57000001,58000000,2.321928094887362
5,58000001,59000000,0.0
5,59000001,60000000,0.0
5,60000001,61000000,0.0
5,61000001,62000000,0.0
5,62000001,63000000,11.401412878714178
5,63000001,64000000,5.357552004618084
5,64000001,65000000,0.0
5,65000001,66000000,0.0
5,66000001,67000000,0.0
5,67000001,68000000,8.515699838284043
5,68000001,69000000,7.022367813028454
5,69000001,70000000,8.149747119504681
5,70000001,71000000,0.0
5,71000001,72000000,0.0
5,72000001,73000000,0.0
5,73000001,74000000,0.0
5,74000001,75000000,0.0
5,75000001,76000000,0.0
5,76000001,77000000,5.321928094887363
5,77000001,78000000,0.0
5,78000001,79000000,0.0
5,79000001,80000000,0.0
5,80000001,81000000,0.0
5,81000001,82000000,4.807354922057604
5,82000001,83000000,0.0
5,83000001,84000000,0.0
5,84000001,85000000,0.0
5,85000001,86000000,0.0
5,86000001,87000000,4.857980995127572
5,87000001,88000000,0.0
5,88000001,89000000,0.0
5,89000001,90000000,6.672425341971495
5,90000001,91000000,0.0
5,91000001,92000000,0.0
5,92000001,93000000,0.0
5,93000001,94000000,0.0
5,94000001,95000000,0.0
5,95000001,96000000,0.0
5,96000001,97000000,5.459431618637297
5,97000001,98000000,0.0
5,98000001,99000000,0.0
5,99000001,100000000,11.498849206531725
5,100000001,101000000,0.0
5,101000001,102000000,13.056807035580608
5,102000001,103000000,0.0
5,103000001,104000000,0.0
5,104000001,105000000,0.0
5,105000001,106000000,0.0
5,106000001,107000000,0.0
5,107000001,108000000,0.0
5,108000001,109000000,0.0
5,109000001,110000000,0.0
5,110000001,111000000,4.169925001442312
5,111000001,112000000,0.0
5,112000001,113000000,0.0
5,113000001,114000000,6.491853096329675
5,114000001,115000000,0.0
5,115000001,116000000,0.0
5,116000001,117000000,0.0
5,117000001,118000000,0.0
5,118000001,119000000,0.0
5,119000001,120000000,0.0
5,120000001,121000000,0.0
5,121000001,122000000,0.0
5,122000001,123000000,0.0
5,123000001,124000000,0.0
5,124000001,125000000,3.584962500721156
5,125000001,126000000,0.0
5,126000001,127000000,4.392317422778761
5,127000001,128000000,0.0
5,128000001,129000000,0.0
5,129000001,130000000,0.0
5,130000001,131000000,0.0
5,131000001,132000000,0.0
5,132000001,133000000,6.169925001442312
5,133000001,134000000,5.584962500721156
5,134000001,135000000,0.0
5,135000001,136000000,5.491853096329675
5,136000001,137000000,0.0
5,137000001,138000000,0.0
5,138000001,139000000,0.0
5,139000001,140000000,0.0
5,140000001,141000000,0.0
5,141000001,142000000,5.357552004618084
5,142000001,143000000,0.0
5,143000001,144000000,4.523561956057013
5,144000001,145000000,0.0
5,145000001,146000000,0.0
5,146000001,147000000,0.0
5,147000001,148000000,0.0
5,148000001,149000000,0.0
5,149000001,150000000,10.30720080914081
5,150000001,151000000,3.169925001442312
5,151000001,152000000,0.0
5,152000001,153000000,0.0
5,153000001,154000000,0.0
5,154000001,155000000,10.980139577639157
5,155000001,156000000,0.0
5,156000001,157000000,0.0
5,157000001,158000000,5.672425341971495
5,158000001,159000000,0.0
5,159000001,160000000,0.0
5,160000001,161000000,4.087462841250339
5,161000001,162000000,0.0
5,162000001,163000000,0.0
5,163000001,164000000,2.0
5,164000001,165000000,0.0
5,165000001,166000000,0.0
5,166000001,167000000,0.0
5,167000001,168000000,0.0
5,168000001,169000000,0.0
5,169000001,170000000,11.236014191900084
5,170000001,171000000,12.239896822445862
5,171000001,172000000,0.0
5,172000001,173000000,0.0
5,173000001,174000000,3.169925001442312
5,174000001,175000000,0.0
5,175000001,176000000,1.584962500721156
5,176000001,177000000,7.098032082960526
5,177000001,178000000,6.266786540694901
5,178000001,179000000,8.303780748177102
5,179000001,180000000,8.280770770130603
5,180000001,181000000,7.912889336229962
6,1,1000000,0.0
6,1000001,2000000,6.554588851677638
6,2000001,3000000,0.0
6,3000001,4000000,6.754887502163468
6,4000001,5000000,0.0
6,5000001,6000000,0.0
6,6000001,7000000,3.4594316186372973
6,7000001,8000000,3.9068905956085187
6,8000001,9000000,0.0
6,9000001,10000000,0.0
6,10000001,11000000,0.0
6,11000001,12000000,5.78135971352466
6,12000001,13000000,0.0
6,13000001,14000000,7.546894459887636
6,14000001,15000000,3.4594316186372973
6,15000001,16000000,0.0
6,16000001,17000000,2.584962500721156
6,17000001,18000000,5.392317422778761
6,18000001,19000000,5.807354922057604
6,19000001,20000000,0.0
6,20000001,21000000,6.169925001442312
6,21000001,22000000,5.20945336562895
6,22000001,23000000,0.0
6,23000001,24000000,5.672425341971495
6,24000001,25000000,0.0
6,25000001,26000000,0.0
6,26000001,27000000,0.0
6,27000001,28000000,8.60733031374961
6,28000001,29000000,0.0
6,29000001,30000000,0.0
6,30000001,31000000,4.321928094887363
6,31000001,32000000,0.0
6,32000001,33000000,5.832890014164741
6,33000001,34000000,6.845490050944375
6,34000001,35000000,0.0
6,35000001,36000000,6.108524456778169
6,36000001,37000000,11.827739648806956
6,37000001,38000000,7.6653359171851765
6,38000001,39000000,10.391243589427443
6,39000001,40000000,4.392317422778761
6,40000001,41000000,7.417852514885898
6,41000001,42000000,3.169925001442312
6,42000001,43000000,2.0
6,43000001,44000000,5.426264754702098
6,44000001,45000000,12.85817531057549
6,45000001,46000000,10.048486873992337
6,46000001,47000000,0.0
6,47000001,48000000,0.0
6,48000001,49000000,0.0
6,49000001,50000000,0.0
6,50000001,51000000,0.0
6,51000001,52000000,0.0
6,52000001,53000000,0.0
6,53000001,54000000,7.714245517666122
6,54000001,55000000,8.927777962082342
6,55000001,56000000,0.0
6,56000001,57000000,4.169925001442312
6,57000001,58000000,0.0
6,58000001,59000000,0.0
6,59000001,60000000,0.0
6,60000001,61000000,0.0
6,61000001,62000000,0.0
6,62000001,63000000,0.0
6,63000001,64000000,0.0
6,64000001,65000000,0.0
6,65000001,66000000,0.0
6,66000001,67000000,0.0
6,67000001,68000000,0.0
6,68000001,69000000,0.0
6,69000001,70000000,0.0
6,70000001,71000000,0.0
6,71000001,72000000,0.0
6,72000001,73000000,0.0
6,73000001,74000000,0.0
6,74000001,75000000,0.0
6,75000001,76000000,0.0
6,76000001,77000000,0.0
6,77000001,78000000,0.0
6,78000001,79000000,0.0
6,79000001,80000000,0.0
6,80000001,81000000,0.0
6,81000001,82000000,0.0
6,82000001,83000000,4.754887502163468
6,83000001,84000000,0.0
6,84000001,85000000,0.0
6,85000001,86000000,0.0
6,86000001,87000000,0.0
6,87000001,88000000,0.0
6,88000001,89000000,0.0
6,89000001,90000000,0.0
6,90000001,91000000,0.0
6,91000001,92000000,0.0
6,92000001,93000000,0.0
6,93000001,94000000,2.0
6,94000001,95000000,3.584962500721156
6,95000001,96000000,0.0
6,96000001,97000000,0.0
6,97000001,98000000,0.0
6,98000001,99000000,4.0
6,99000001,100000000,0.0
6,100000001,101000000,0.0
6,101000001,102000000,0.0
6,102000001,103000000,0.0
6,103000001,104000000,6.066089190457772
6,104000001,105000000,0.0
6,105000001,106000000,0.0
6,106000001,107000000,0.0
6,107000001,108000000,0.0
6,108000001,109000000,7.247927513443585
6,109000001,110000000,0.0
6,110000001,111000000,0.0
6,111000001,112000000,7.139551352398794
6,112000001,113000000,0.0
6,113000001,114000000,0.0
6,114000001,115000000,9.541096615349524
6,115000001,116000000,0.0
6,116000001,117000000,0.0
6,117000001,118000000,0.0
6,118000001,119000000,0.0
6,119000001,120000000,3.9068905956085187
6,120000001,121000000,5.357552004618084
6,121000001,122000000,0.0
6,122000001,123000000,0.0
6,123000001,124000000,6.392317422778761
6,124000001,125000000,0.0
6,125000001,126000000,5.169925001442312
6,126000001,127000000,1.584962500721156
6,127000001,128000000,0.0
6,128000001,129000000,0.0
6,129000001,130000000,0.0
6,130000001,131000000,0.0
6,131000001,132000000,0.0
6,132000001,133000000,0.0
6,133000001,134000000,0.0
6,134000001,135000000,0.0
6,135000001,136000000,6.321928094887363
6,136000001,137000000,3.321928094887362
6,137000001,138000000,0.0
6,138000001,139000000,8.169925001442312
6,139000001,140000000,0.0
6,140000001,141000000,9.76983784362944
6,141000001,142000000,0.0
6,142000001,143000000,0.0
6,143000001,144000000,0.0
6,144000001,145000000,6.930737337562887
6,145000001,146000000,0.0
6,146000001,147000000,7.7073591320808825
6,147000001,148000000,2.807354922057604
6,148000001,149000000,0.0
6,149000001,150000000,0.0
6,150000001,151000000,0.0
6,151000001,152000000,7.643856189774724
6,152000001,153000000,0.0
6,153000001,154000000,0.0
6,154000001,155000000,0.0
6,155000001,156000000,0.0
6,156000001,157000000,0.0
6,157000001,158000000,0.0
6,158000001,159000000,0.0
6,159000001,160000000,7.78135971352466
6,160000001,161000000,10.89026427702111
6,161000001,162000000,0.0
6,162000001,163000000,0.0
6,163000001,164000000,0.0
6,164000001,165000000,0.0
6,165000001,166000000,10.198445041452363
6,166000001,167000000,9.370687406807217
6,167000001,168000000,6.906890595608519
7,1,1000000,3.321928094887362
7,1000001,2000000,4.754887502163468
7,2000001,3000000,4.169925001442312
7,3000001,4000000,0.0
7,4000001,5000000,7.459431618637297
7,5000001,6000000,0.0
7,6000001,7000000,0.0
7,7000001,8000000,0.0
7,8000001,9000000,0.0
7,9000001,10000000,7.894817763307944
7,10000001,11000000,0.0
7,11000001,12000000,3.4594316186372973
7,12000001,13000000,0.0
7,13000001,14000000,0.0
7,14000001,15000000,0.0
7,15000001,16000000,0.0
7,16000001,17000000,0.0
7,17000001,18000000,0.0
7,18000001,19000000,5.523561956057013
7,19000001,20000000,0.0
7,20000001,21000000,0.0
7,21000001,22000000,0.0
7,22000001,23000000,6.894817763307944
7,23000001,24000000,4.807354922057604
7,24000001,25000000,0.0
7,25000001,26000000,6.768184324776926
7,26000001,27000000,4.247927513443585
7,27000001,28000000,0.0
7,28000001,29000000,7.98299357469431
7,29000001,30000000,5.20945336562895
7,30000001,31000000,2.0
7,31000001,32000000,10.914385132155443
7,32000001,33000000,0.0
7,33000001,34000000,0.0
7,34000001,35000000,0.0
7,35000001,36000000,5.169925001442312
7,36000001,37000000,5.807354922057604
7,37000001,38000000,0.0
7,38000001,39000000,0.0
7,39000001,40000000,2.807354922057604
7,40000001,41000000,0.0
7,41000001,42000000,0.0
7,42000001,43000000,0.0
7,43000001,44000000,5.754887502163468
7,44000001,45000000,0.0
7,45000001,46000000,0.0
7,46000001,47000000,0.0
7,47000001,48000000,0.0
7,48000001,49000000,9.709083812550343
7,49000001,50000000,0.0
7,50000001,51000000,10.497851836951117
7,51000001,52000000,0.0
7,52000001,53000000,0.0
7,53000001,54000000,0.0
7,54000001,55000000,0.0
7,55000001,56000000,0.0
7,56000001,57000000,0.0
7,57000001,58000000,0.0
7,58000001,59000000,0.0
7,59000001,60000000,0.0
7,60000001,61000000,0.0
7,61000001,62000000,0.0
7,62000001,63000000,0.0
7,63000001,64000000,0.0
7,64000001,65000000,6.22881869049588
7,65000001,66000000,0.0
7,66000001,67000000,4.0
7,67000001,68000000,0.0
7,68000001,69000000,0.0
7,69000001,70000000,0.0
7,70000001,71000000,0.0
7,71000001,72000000,0.0
7,72000001,73000000,0.0
7,73000001,74000000,0.0
7,74000001,75000000,8.066089190457772
7,75000001,76000000,3.169925001442312
7,76000001,77000000,0.0
7,77000001,78000000,0.0
7,78000001,79000000,6.459431618637297
7,79000001,80000000,0.0
7,80000001,81000000,0.0
7,81000001,82000000,0.0
7,82000001,83000000,0.0
7,83000001,84000000,0.0
7,84000001,85000000,0.0
7,85000001,86000000,3.584962500721156
7,86000001,87000000,0.0
7,87000001,88000000,0.0
7,88000001,89000000,3.4594316186372973
7,89000001,90000000,0.0
7,90000001,91000000,0.0
7,91000001,92000000,0.0
7,92000001,93000000,0.0
7,93000001,94000000,0.0
7,94000001,95000000,0.0
7,95000001,96000000,0.0
7,96000001,97000000,9.199672344836364
7,97000001,98000000,0.0
7,98000001,99000000,0.0
7,99000001,100000000,6.066089190457772
7,100000001,101000000,4.523561956057013
7,101000001,102000000,15.503670480950424
7,102000001,103000000,0.0
7,103000001,104000000,0.0
7,104000001,105000000,0.0
7,105000001,106000000,10.263269200372662
7,106000001,107000000,7.515699838284043
7,107000001,108000000,0.0
7,108000001,109000000,0.0
7,109000001,110000000,0.0
7,110000001,111000000,0.0
7,111000001,112000000,0.0
7,112000001,113000000,0.0
7,113000001,114000000,0.0
7,114000001,115000000,0.0
7,115000001,116000000,0.0
7,116000001,117000000,0.0
7,117000001,118000000,0.0
7,118000001,119000000,0.0
7,119000001,120000000,0.0
7,120000001,121000000,0.0
7,121000001,122000000,0.0
7,122000001,123000000,0.0
7,123000001,124000000,0.0
7,124000001,125000000,0.0
7,125000001,126000000,0.0
7,126000001,127000000,2.807354922057604
7,127000001,128000000,0.0
7,128000001,129000000,0.0
7,129000001,130000000,4.523561956057013
7,130000001,131000000,0.0
7,131000001,132000000,0.0
7,132000001,133000000,6.303780748177103
7,133000001,134000000,3.169925001442312
7,134000001,135000000,0.0
7,135000001,136000000,0.0
7,136000001,137000000,0.0
7,137000001,138000000,3.4594316186372973
7,138000001,139000000,0.0
7,139000001,140000000,6.832890014164741
7,140000001,141000000,0.0
7,141000001,142000000,0.0
7,142000001,143000000,0.0
7,143000001,144000000,0.0
7,144000001,145000000,0.0
7,145000001,146000000,0.0
7,146000001,147000000,0.0
7,147000001,148000000,0.0
7,148000001,149000000,10.892542816648552
7,149000001,150000000,3.584962500721156
7,150000001,151000000,0.0
7,151000001,152000000,6.087462841250339
7,152000001,153000000,4.459431618637297
7,153000001,154000000,0.0
7,154000001,155000000,0.0
7,155000001,156000000,7.960001932068081
7,156000001,157000000,0.0
7,157000001,158000000,6.965784284662087
8,1,1000000,2.321928094887362
8,1000001,2000000,9.149747119504681
8,2000001,3000000,8.280770770130603
8,3000001,4000000,0.0
8,4000001,5000000,0.0
8,5000001,6000000,0.0
8,6000001,7000000,0.0
8,7000001,8000000,0.0
8,8000001,9000000,0.0
8,9000001,10000000,3.9068905956085187
8,10000001,11000000,0.0
8,11000001,12000000,0.0
8,12000001,13000000,0.0
8,13000001,14000000,0.0
8,14000001,15000000,0.0
8,15000001,16000000,2.584962500721156
8,16000001,17000000,0.0
8,17000001,18000000,3.700439718141092
8,18000001,19000000,0.0
8,19000001,20000000,0.0
8,20000001,21000000,0.0
8,21000001,22000000,8.396604781181859
8,22000001,23000000,11.365228849251544
8,23000001,24000000,4.807354922057604
8,24000001,25000000,5.459431618637297
8,25000001,26000000,5.0
8,26000001,27000000,0.0
8,27000001,28000000,9.333155350310616
8,28000001,29000000,11.24436383512051
8,29000001,30000000,7.2384047393250786
8,30000001,31000000,5.523561956057013
8,31000001,32000000,0.0
8,32000001,33000000,0.0
8,33000001,34000000,0.0
8,34000001,35000000,0.0
8,35000001,36000000,0.0
8,36000001,37000000,0.0
8,37000001,38000000,0.0
8,38000001,39000000,0.0
8,39000001,40000000,0.0
8,40000001,41000000,0.0
8,41000001,42000000,10.228818690495881
8,42000001,43000000,0.0
8,43000001,44000000,3.0
8,44000001,45000000,0.0
8,45000001,46000000,0.0
8,46000001,47000000,0.0
8,47000001,48000000,0.0
8,48000001,49000000,0.0
8,49000001,50000000,0.0
8,50000001,51000000,0.0
8,51000001,52000000,8.400879436282183
8,52000001,53000000,7.266786540694901
8,53000001,54000000,2.584962500721156
8,54000001,55000000,0.0
8,55000001,56000000,0.0
8,56000001,57000000,0.0
8,57000001,58000000,0.0
8,58000001,59000000,0.0
8,59000001,60000000,0.0
8,60000001,61000000,0.0
8,61000001,62000000,2.321928094887362
8,62000001,63000000,0.0
8,63000001,64000000,3.0
8,64000001,65000000,0.0
8,65000001,66000000,0.0
8,66000001,67000000,0.0
8,67000001,68000000,0.0
8,68000001,69000000,0.0
8,69000001,70000000,5.977279923499917
8,70000001,71000000,0.0
8,71000001,72000000,0.0
8,72000001,73000000,5.78135971352466
8,73000001,74000000,0.0
8,74000001,75000000,0.0
8,75000001,76000000,0.0
8,76000001,77000000,0.0
8,77000001,78000000,0.0
8,78000001,79000000,0.0
8,79000001,80000000,0.0
8,80000001,81000000,0.0
8,81000001,82000000,0.0
8,82000001,83000000,0.0
8,83000001,84000000,0.0
8,84000001,85000000,0.0
8,85000001,86000000,0.0
8,86000001,87000000,0.0
8,87000001,88000000,0.0
8,88000001,89000000,0.0
8,89000001,90000000,0.0
8,90000001,91000000,0.0
8,91000001,92000000,0.0
8,92000001,93000000,0.0
8,93000001,94000000,0.0
8,94000001,95000000,6.714245517666122
8,95000001,96000000,1.584962500721156
8,96000001,97000000,0.0
8,97000001,98000000,7.266786540694901
8,98000001,99000000,5.20945336562895
8,99000001,100000000,0.0
8,100000001,101000000,0.0
8,101000001,102000000,0.0
8,102000001,103000000,7.614709844115208
8,103000001,104000000,0.0
8,104000001,105000000,0.0
8,105000001,106000000,0.0
8,106000001,107000000,0.0
8,107000001,108000000,0.0
8,108000001,109000000,0.0
8,109000001,110000000,0.0
8,110000001,111000000,0.0
8,111000001,112000000,0.0
8,112000001,113000000,0.0
8,113000001,114000000,0.0
8,114000001,115000000,0.0
8,115000001,116000000,0.0
8,116000001,117000000,0.0
8,117000001,118000000,3.700439718141092
8,118000001,119000000,0.0
8,119000001,120000000,1.584962500721156
8,120000001,121000000,6.965784284662087
8,121000001,122000000,2.321928094887362
8,122000001,123000000,0.0
8,123000001,124000000,5.285402218862249
8,124000001,125000000,0.0
8,125000001,126000000,0.0
8,126000001,127000000,0.0
8,127000001,128000000,5.044394119358453
8,128000001,129000000,0.0
8,129000001,130000000,11.373952655370193
8,130000001,131000000,3.584962500721156
8,131000001,132000000,0.0
8,132000001,133000000,8.39231742277876
8,133000001,134000000,0.0
8,134000001,135000000,0.0
8,135000001,136000000,0.0
8,136000001,137000000,6.832890014164741
8,137000001,138000000,0.0
8,138000001,139000000,3.9068905956085187
8,139000001,140000000,8.434628227636725
8,140000001,141000000,10.116343961237469
8,141000001,142000000,8.285402218862249
8,142000001,143000000,7.800899899920305
8,143000001,144000000,9.487840033823051
8,144000001,145000000,4.954196310386875
8,145000001,146000000,4.459431618637297
9,1,1000000,4.0
9,1000001,2000000,0.0
9,2000001,3000000,0.0
9,3000001,4000000,0.0
9,4000001,5000000,9.113742166049189
9,5000001,6000000,0.0
9,6000001,7000000,0.0
9,7000001,8000000,0.0
9,8000001,9000000,0.0
9,9000001,10000000,0.0
9,10000001,11000000,0.0
9,11000001,12000000,0.0
9,12000001,13000000,0.0
9,13000001,14000000,0.0
9,14000001,15000000,0.0
9,15000001,16000000,0.0
9,16000001,17000000,0.0
9,17000001,18000000,0.0
9,18000001,19000000,0.0
9,19000001,20000000,0.0
9,20000001,21000000,0.0
9,21000001,22000000,0.0
9,22000001,23000000,0.0
9,23000001,24000000,0.0
9,24000001,25000000,0.0
9,25000001,26000000,0.0
9,26000001,27000000,0.0
9,27000001,28000000,0.0
9,28000001,29000000,0.0
9,29000001,30000000,0.0
9,30000001,31000000,0.0
9,31000001,32000000,0.0
9,32000001,33000000,0.0
9,33000001,34000000,5.0
9,34000001,35000000,0.0
9,35000001,36000000,7.741466986401147
9,36000001,37000000,5.321928094887363
9,37000001,38000000,0.0
9,38000001,39000000,0.0
9,39000001,40000000,0.0
9,40000001,41000000,0.0
9,41000001,42000000,0.0
9,42000001,43000000,0.0
9,43000001,44000000,0.0
9,44000001,45000000,0.0
9,45000001,46000000,0.0
9,46000001,47000000,0.0
9,47000001,48000000,0.0
9,48000001,49000000,0.0
9,49000001,50000000,0.0
9,50000001,51000000,0.0
9,51000001,52000000,0.0
9,52000001,53000000,0.0
9,53000001,54000000,0.0
9,54000001,55000000,0.0
9,55000001,56000000,0.0
9,56000001,57000000,0.0
9,57000001,58000000,0.0
9,58000001,59000000,0.0
9,59000001,60000000,0.0
9,60000001,61000000,0.0
9,61000001,62000000,0.0
9,62000001,63000000,0.0
9,63000001,64000000,0.0
9,64000001,65000000,0.0
9,65000001,66000000,0.0
9,66000001,67000000,0.0
9,67000001,68000000,0.0
9,68000001,69000000,0.0
9,69000001,70000000,0.0
9,70000001,71000000,0.0
9,71000001,72000000,0.0
9,72000001,73000000,4.700439718141092
9,73000001,74000000,0.0
9,74000001,75000000,8.31741261376487
9,75000001,76000000,0.0
9,76000001,77000000,2.0
9,77000001,78000000,0.0
9,78000001,79000000,0.0
9,79000001,80000000,0.0
9,80000001,81000000,0.0
9,81000001,82000000,0.0
9,82000001,83000000,0.0
9,83000001,84000000,0.0
9,84000001,85000000,11.401946123976536
9,85000001,86000000,0.0
9,86000001,87000000,0.0
9,87000001,88000000,5.285402218862249
9,88000001,89000000,0.0
9,89000001,90000000,0.0
9,90000001,91000000,10.47269083924278
9,91000001,92000000,0.0
9,92000001,93000000,0.0
9,93000001,94000000,5.392317422778761
9,94000001,95000000,0.0
9,95000001,96000000,0.0
9,96000001,97000000,0.0
9,97000001,98000000,0.0
9,98000001,99000000,0.0
9,99000001,100000000,9.432541900388259
9,100000001,101000000,0.0
9,101000001,102000000,0.0
9,102000001,103000000,0.0
9,103000001,104000000,0.0
9,104000001,105000000,0.0
9,105000001,106000000,0.0
9,106000001,107000000,0.0
9,107000001,108000000,0.0
9,108000001,109000000,4.0
9,109000001,110000000,0.0
9,110000001,111000000,0.0
9,111000001,112000000,0.0
9,112000001,113000000,0.0
9,113000001,114000000,4.584962500721156
9,114000001,115000000,6.727920454563199
9,115000001,116000000,0.0
9,116000001,117000000,0.0
9,117000001,118000000,14.07773368712548
9,118000001,119000000,0.0
9,119000001,120000000,0.0
9,120000001,121000000,0.0
9,121000001,122000000,11.595723694101627
9,122000001,123000000,4.247927513443585
9,123000001,124000000,0.0
9,124000001,125000000,9.69522829149575
9,125000001,126000000,0.0
9,126000001,127000000,7.149747119504682
9,127000001,128000000,0.0
9,128000001,129000000,6.087462841250339
9,129000001,130000000,7.7073591320808825
9,130000001,131000000,0.0
9,131000001,132000000,11.105908508571158
9,132000001,133000000,0.0
9,133000001,134000000,9.54882190845875
9,134000001,135000000,11.546894459887637
9,135000001,136000000,10.794415866350105
9,136000001,137000000,9.923327485419192
9,137000001,138000000,10.889503963411476
M,1,1000000,3.0
X,1,1000000,0.0
X,1000001,2000000,11.113090983442381
X,2000001,3000000,5.321928094887363
X,3000001,4000000,0.0
X,4000001,5000000,0.0
X,5000001,6000000,1.584962500721156
X,6000001,7000000,0.0
X,7000001,8000000,0.0
X,8000001,9000000,3.584962500721156
X,9000001,10000000,3.700439718141092
X,10000001,11000000,0.0
X,11000001,12000000,0.0
X,12000001,13000000,0.0
X,13000001,14000000,0.0
X,14000001,15000000,0.0
X,15000001,16000000,0.0
X,16000001,17000000,0.0
X,17000001,18000000,0.0
X,18000001,19000000,4.584962500721156
X,19000001,20000000,6.539158811108031
X,20000001,21000000,0.0
X,21000001,22000000,0.0
X,22000001,23000000,4.087462841250339
X,23000001,24000000,0.0
X,24000001,25000000,6.857980995127572
X,25000001,26000000,0.0
X,26000001,27000000,0.0
X,27000001,28000000,0.0
X,28000001,29000000,0.0
X,29000001,30000000,0.0
X,30000001,31000000,0.0
X,31000001,32000000,0.0
X,32000001,33000000,3.700439718141092
X,33000001,34000000,0.0
X,34000001,35000000,0.0
X,35000001,36000000,0.0
X,36000001,37000000,3.807354922057604
X,37000001,38000000,0.0
X,38000001,39000000,7.05528243550119
X,39000001,40000000,5.614709844115208
X,40000001,41000000,0.0
X,41000001,42000000,0.0
X,42000001,43000000,0.0
X,43000001,44000000,0.0
X,44000001,45000000,6.820178962415188
X,45000001,46000000,0.0
X,46000001,47000000,0.0
X,47000001,48000000,8.038918989292302
X,48000001,49000000,2.321928094887362
X,49000001,50000000,4.169925001442312
X,50000001,51000000,0.0
X,51000001,52000000,0.0
X,52000001,53000000,0.0
X,53000001,54000000,9.611024797307353
X,54000001,55000000,0.0
X,55000001,56000000,0.0
X,56000001,57000000,4.954196310386875
X,57000001,58000000,0.0
X,58000001,59000000,0.0
X,59000001,60000000,0.0
X,60000001,61000000,0.0
X,61000001,62000000,0.0
X,62000001,63000000,0.0
X,63000001,64000000,0.0
X,64000001,65000000,0.0
X,65000001,66000000,9.162391328756906
X,66000001,67000000,0.0
X,67000001,68000000,0.0
X,68000001,69000000,9.052568050804153
X,69000001,70000000,0.0
X,70000001,71000000,0.0
X,71000001,72000000,10.44604940671655
X,72000001,73000000,0.0
X,73000001,74000000,0.0
X,74000001,75000000,0.0
X,75000001,76000000,4.0
X,76000001,77000000,0.0
X,77000001,78000000,5.392317422778761
X,78000001,79000000,0.0
X,79000001,80000000,0.0
X,80000001,81000000,0.0
X,81000001,82000000,0.0
X,82000001,83000000,0.0
X,83000001,84000000,0.0
X,84000001,85000000,0.0
X,85000001,86000000,0.0
X,86000001,87000000,4.087462841250339
X,87000001,88000000,0.0
X,88000001,89000000,0.0
X,89000001,90000000,0.0
X,90000001,91000000,0.0
X,91000001,92000000,0.0
X,92000001,93000000,0.0
X,93000001,94000000,0.0
X,94000001,95000000,0.0
X,95000001,96000000,0.0
X,96000001,97000000,0.0
X,97000001,98000000,0.0
X,98000001,99000000,0.0
X,99000001,100000000,0.0
X,100000001,101000000,0.0
X,101000001,102000000,2.321928094887362
X,102000001,103000000,0.0
X,103000001,104000000,0.0
X,104000001,105000000,0.0
X,105000001,106000000,0.0
X,106000001,107000000,0.0
X,107000001,108000000,0.0
X,108000001,109000000,0.0
X,109000001,110000000,7.965784284662087
X,110000001,111000000,0.0
X,111000001,112000000,0.0
X,112000001,113000000,0.0
X,113000001,114000000,0.0
X,114000001,115000000,0.0
X,115000001,116000000,0.0
X,116000001,117000000,0.0
X,117000001,118000000,0.0
X,118000001,119000000,0.0
X,119000001,120000000,0.0
X,120000001,121000000,0.0
X,121000001,122000000,0.0
X,122000001,123000000,0.0
X,123000001,124000000,2.807354922057604
X,124000001,125000000,0.0
X,125000001,126000000,0.0
X,126000001,127000000,0.0
X,127000001,128000000,0.0
X,128000001,129000000,8.312882955284355
X,129000001,130000000,0.0
X,130000001,131000000,0.0
X,131000001,132000000,0.0
X,132000001,133000000,0.0
X,133000001,134000000,0.0
X,134000001,135000000,3.9068905956085187
X,135000001,136000000,0.0
X,136000001,137000000,0.0
X,137000001,138000000,4.0
X,138000001,139000000,0.0
X,139000001,140000000,0.0
X,140000001,141000000,9.958552715431011
X,141000001,142000000,0.0
X,142000001,143000000,7.807354922057604
X,143000001,144000000,0.0
X,144000001,145000000,0.0
X,145000001,146000000,0.0
X,146000001,147000000,0.0
X,147000001,148000000,6.539158811108031
X,148000001,149000000,0.0
X,149000001,150000000,9.245552706255681
X,150000001,151000000,0.0
X,151000001,152000000,0.0
X,152000001,153000000,9.296916206879288
X,153000001,154000000,8.968666793195208
X,154000001,155000000,0.0
X,155000001,156000000,8.375039431346925
Y,1,1000000,0.0
Y,1000001,2000000,0.0
Y,2000001,3000000,0.0
Y,3000001,4000000,0.0
Y,4000001,5000000,0.0
Y,5000001,6000000,0.0
Y,6000001,7000000,0.0
Y,7000001,8000000,0.0
Y,8000001,9000000,0.0
Y,9000001,10000000,0.0
Y,10000001,11000000,6.894817763307944
